<?xml version="1.0" encoding="UTF-8"?>
<manifest identifier="man00001" xmlns:bb="http://www.blackboard.com/content-packaging/"><organizations default="toc00001"><organization identifier="toc00001"><item identifier="itm00001" identifierref="res00004"><title>This Week</title></item><item identifier="itm00002" identifierref="res00005"><title>COURSE_DEFAULT.Announcements.APPLICATION.label</title></item><item identifier="itm00003" identifierref="res00006"><title>News</title><item identifier="itm00011" identifierref="res00067"><title>Articles of Interest from Mr. B</title></item></item><item identifier="itm00004" identifierref="res00007"><title>student_gradebook.MyGrades.label</title></item><item identifier="itm00005" identifierref="res00008"><title>Intro CS Wiki</title></item><item identifier="itm00006" identifierref="res00009"><title>COURSE_DEFAULT.Assignments.CONTENT_LINK.label</title><item identifier="itm00012" identifierref="res00068"><title>Becoming a Computer Scientist</title><item identifier="itm00033" identifierref="res00089"><title>This Week</title></item><item identifier="itm00052" identifierref="res00108"><title>Statement of Purpose (due Monday, 9/8)</title><item identifier="itm00104" identifierref="res00160"><title>Directions</title></item><item identifier="itm00121" identifierref="res00177"><title>The Pleasure of Finding Things Out</title></item><item identifier="itm00135" identifierref="res00191"><title>Computing Machinery and Intelligence</title></item><item identifier="itm00145" identifierref="res00201"><title>Statement of Purpose</title></item></item><item identifier="itm00055" identifierref="res00111"><title>Logo Phase 1 (due Tuesday, 9/9 at the end of class)</title><item identifier="itm00105" identifierref="res00161"><title>Welcome to Logo</title></item><item identifier="itm00120" identifierref="res00176"><title>Logo Commands</title></item><item identifier="itm00136" identifierref="res00192"><title>Logo Syntax</title></item><item identifier="itm00144" identifierref="res00200"><title>The Challenge</title></item></item><item identifier="itm00072" identifierref="res00128"><title>Logo Phase 2 (due Saturday, 9/13 at the end of class)</title><item identifier="itm00101" identifierref="res00157"><title>A Pretty, Pretty Drawing</title></item></item><item identifier="itm00073" identifierref="res00129"><title>Logo Phase 3 (due Monday, 9/15)</title><item identifier="itm00103" identifierref="res00159"><title>Converting Your Logo Drawing into a Java Program</title></item><item identifier="itm00122" identifierref="res00178"><title>Turning It into "Real" Java</title></item><item identifier="itm00134" identifierref="res00190"><title>Translations</title></item><item identifier="itm00146" identifierref="res00202"><title>Logo Phase 3</title></item></item><item identifier="itm00088" identifierref="res00144"><title>Reading (due Monday, 9/15)</title><item identifier="itm00100" identifierref="res00156"><title>Reading Questions</title></item><item identifier="itm00123" identifierref="res00179"><title>Diagrams</title></item><item identifier="itm00138" identifierref="res00194"><title>Class Notes</title></item><item identifier="itm00147" identifierref="res00203"><title>Reading Quiz: JiaN Introduction</title></item></item><item identifier="itm00090" identifierref="res00146"><title>Next Week: Variables &amp; Abstraction</title></item></item><item identifier="itm00013" identifierref="res00069"><title>Variables &amp; Abstraction</title><item identifier="itm00040" identifierref="res00096"><title>Last Week: Becoming a Computer Scientist</title></item><item identifier="itm00053" identifierref="res00109"><title>This Week</title></item><item identifier="itm00054" identifierref="res00110"><title>Reading (due Wednesday, 9/17)</title><item identifier="itm00102" identifierref="res00158"><title>Reading Quiz: JiaN pp. 17-21</title></item></item><item identifier="itm00071" identifierref="res00127"><title>Reading (due Thursday, 9/18)</title><item identifier="itm00107" identifierref="res00163"><title>Reading Quiz: JiaN 21-22, 24-26, 28-33</title></item></item><item identifier="itm00074" identifierref="res00130"><title>Reading (due Saturday, 9/20)</title><item identifier="itm00111" identifierref="res00167"><title>Reading Quiz: JiaN 64-66</title></item></item><item identifier="itm00087" identifierref="res00143"><title>Logo Phase 4 (due Monday, 9/22)</title><item identifier="itm00106" identifierref="res00162"><title>Documentation</title></item><item identifier="itm00119" identifierref="res00175"><title>Variables</title></item><item identifier="itm00137" identifierref="res00193"><title>Variables (Scaled)</title></item><item identifier="itm00143" identifierref="res00199"><title>Separating Sections of Code</title></item><item identifier="itm00152" identifierref="res00208"><title>Methods</title></item><item identifier="itm00154" identifierref="res00210"><title>Methods (Applied)</title></item><item identifier="itm00157" identifierref="res00213"><title>Final Requirements</title></item></item><item identifier="itm00089" identifierref="res00145"><title>Next Week: Loops</title></item></item><item identifier="itm00014" identifierref="res00070"><title>Loops</title><item identifier="itm00042" identifierref="res00098"><title>Last Week: Variables &amp; Abstraction</title></item><item identifier="itm00050" identifierref="res00106"><title>This Week</title></item><item identifier="itm00057" identifierref="res00113"><title>Reading (due Thursday, 9/25)</title><item identifier="itm00110" identifierref="res00166"><title>JiaN 34-35, 39, 48-50</title></item></item><item identifier="itm00070" identifierref="res00126"><title>Loops and Patterns (due Tuesday, 9/30 halfway through the double)</title><item identifier="itm00108" identifierref="res00164"><title>Pattern</title></item></item><item identifier="itm00081" identifierref="res00137"><title>Next Week: User Input &amp; Logic</title></item></item><item identifier="itm00015" identifierref="res00071"><title>User Input &amp; Logic</title><item identifier="itm00039" identifierref="res00095"><title>Last Week: Loops</title></item><item identifier="itm00051" identifierref="res00107"><title>This Week</title></item><item identifier="itm00056" identifierref="res00112"><title>Reading (due Thursday, 10/2)</title><item identifier="itm00109" identifierref="res00165"><title>Event-driven Programming</title></item></item><item identifier="itm00067" identifierref="res00123"><title>Reading (due Thursday, 10/9)</title><item identifier="itm00112" identifierref="res00168"><title>JiaN 42-46</title></item></item><item identifier="itm00076" identifierref="res00132"><title>Paint (due Monday, 10/13 at the end of class)</title><item identifier="itm00113" identifierref="res00169"><title>Paint</title></item></item><item identifier="itm00083" identifierref="res00139"><title>Next Week: Text Processing</title></item></item><item identifier="itm00016" identifierref="res00072"><title>Text Processing</title><item identifier="itm00038" identifierref="res00094"><title>Last Week: User Input &amp; Logic</title></item><item identifier="itm00049" identifierref="res00105"><title>This Week</title></item><item identifier="itm00059" identifierref="res00115"><title>Reading (due Tuesday, 10/14)</title><item identifier="itm00116" identifierref="res00172"><title>JiaN 205-206, 208-209</title></item></item><item identifier="itm00068" identifierref="res00124"><title>Text I/O Sample Code</title></item><item identifier="itm00078" identifierref="res00134"><title>Caesar Ciphers (due Saturday, 10/25)</title><item identifier="itm00114" identifierref="res00170"><title>Historic Caesar Ciphers</title></item><item identifier="itm00118" identifierref="res00174"><title>Modulo Arithmetic</title></item><item identifier="itm00139" identifierref="res00195"><title>Math with Characters (and Casting)</title></item><item identifier="itm00142" identifierref="res00198"><title>Caesar Cipher</title></item></item><item identifier="itm00084" identifierref="res00140"><title>Next Week: Mini Project Design</title></item></item><item identifier="itm00017" identifierref="res00073"><title>Testing</title><item identifier="itm00034" identifierref="res00090"><title>This Week</title></item></item><item identifier="itm00018" identifierref="res00074"><title>Mini Project Design</title><item identifier="itm00037" identifierref="res00093"><title>Last Week: Text Processing</title></item><item identifier="itm00046" identifierref="res00102"><title>This Week</title></item><item identifier="itm00058" identifierref="res00114"><title>Caesar Cipher Code with JUnit Tests</title></item><item identifier="itm00069" identifierref="res00125"><title>Update Class Wiki (due Thursday, 10/30)</title></item><item identifier="itm00075" identifierref="res00131"><title>Mini Project Phase 1: Design (due Monday, 11/2)</title><item identifier="itm00115" identifierref="res00171"><title>Purpose</title></item><item identifier="itm00117" identifierref="res00173"><title>Components</title></item><item identifier="itm00140" identifierref="res00196"><title>Ground Rules</title></item><item identifier="itm00141" identifierref="res00197"><title>Ideas</title></item><item identifier="itm00153" identifierref="res00209"><title>Design</title></item></item><item identifier="itm00082" identifierref="res00138"><title>Reading (due Tuesday, 11/4)</title><item identifier="itm00094" identifierref="res00150"><title>JUnit &amp; Eclipse</title></item></item><item identifier="itm00091" identifierref="res00147"><title>Design 2nd Draft (due Thursday, 11/6)</title></item><item identifier="itm00092" identifierref="res00148"><title>Test Plan Draft (due Thursday, 11/6)</title></item><item identifier="itm00093" identifierref="res00149"><title>Next Week: Mini Project Development</title></item></item><item identifier="itm00019" identifierref="res00075"><title>Mini Project Development</title><item identifier="itm00041" identifierref="res00097"><title>Last Week: Mini Project Design</title></item><item identifier="itm00045" identifierref="res00101"><title>Mini Project Code (due Thursday, 11/20)</title></item><item identifier="itm00062" identifierref="res00118"><title>Default Logo Project</title></item><item identifier="itm00065" identifierref="res00121"><title>Saturday, 11/15</title></item><item identifier="itm00080" identifierref="res00136"><title>Next Week: Objects</title></item></item><item identifier="itm00020" identifierref="res00076"><title>End of Window 1</title></item><item identifier="itm00021" identifierref="res00077"><title>Objects</title><item identifier="itm00043" identifierref="res00099"><title>Last Week: Mini Project Development</title></item><item identifier="itm00047" identifierref="res00103"><title>This Week</title></item><item identifier="itm00063" identifierref="res00119"><title>Hall of Light Bulbs (due Saturday, 12/6)</title><item identifier="itm00095" identifierref="res00151"><title>The Puzzle</title></item><item identifier="itm00128" identifierref="res00184"><title>Hallway of Lightbulbs</title></item><item identifier="itm00129" identifierref="res00185"><title>Sample Solution</title></item></item><item identifier="itm00064" identifierref="res00120"><title>Game of Life (due Tuesday, 12/16 at the end of class)</title><item identifier="itm00096" identifierref="res00152"><title>John Conway and Cellular Automata</title></item><item identifier="itm00127" identifierref="res00183"><title>Organism.java</title></item><item identifier="itm00130" identifierref="res00186"><title>LogoScript.java</title></item><item identifier="itm00150" identifierref="res00206"><title>Game of Life</title></item></item><item identifier="itm00079" identifierref="res00135"><title>GraphPaperRacer Demo</title></item><item identifier="itm00086" identifierref="res00142"><title>Next Week: Accordion Week</title></item></item><item identifier="itm00022" identifierref="res00078"><title>Instances &amp; References</title></item><item identifier="itm00023" identifierref="res00079"><title>Inheritance</title></item><item identifier="itm00024" identifierref="res00080"><title>Thanksgiving Break</title></item><item identifier="itm00025" identifierref="res00081"><title>Accordion Week</title><item identifier="itm00036" identifierref="res00092"><title>Last Week: Objects</title></item><item identifier="itm00044" identifierref="res00100"><title>Welcome to the JOGL</title><item identifier="itm00097" identifierref="res00153"><title>Shapes</title></item><item identifier="itm00126" identifierref="res00182"><title>Transformations</title></item><item identifier="itm00131" identifierref="res00187"><title>Combining Transformations</title></item><item identifier="itm00149" identifierref="res00205"><title>Placing the Camera "Eye"</title></item><item identifier="itm00151" identifierref="res00207"><title>Sample Program</title></item><item identifier="itm00155" identifierref="res00211"><title>JOGLRenderer.java</title></item><item identifier="itm00156" identifierref="res00212"><title>JOGLApp.java</title></item></item><item identifier="itm00061" identifierref="res00117"><title>Welcome to the JOGL</title></item><item identifier="itm00066" identifierref="res00122"><title>Hand Demo</title><item identifier="itm00098" identifierref="res00154"><title>FingerJoint.java</title></item><item identifier="itm00125" identifierref="res00181"><title>Finger.java</title></item><item identifier="itm00132" identifierref="res00188"><title>JOGLRenderer.java</title></item><item identifier="itm00148" identifierref="res00204"><title>JOGLApp.java</title></item></item><item identifier="itm00077" identifierref="res00133"><title>Object-based JOGL Model</title></item><item identifier="itm00085" identifierref="res00141"><title>Next Week: Final Project Debug</title></item></item><item identifier="itm00026" identifierref="res00082"><title>Design Workshop</title></item><item identifier="itm00027" identifierref="res00083"><title>Final Project Proposals</title></item><item identifier="itm00028" identifierref="res00084"><title>Christmas Break</title></item><item identifier="itm00029" identifierref="res00085"><title>Final Project Development</title></item><item identifier="itm00030" identifierref="res00086"><title>Final Project Debug</title><item identifier="itm00035" identifierref="res00091"><title>Last Week: Accordion Week</title></item><item identifier="itm00048" identifierref="res00104"><title>This Week</title></item><item identifier="itm00060" identifierref="res00116"><title>Final Project</title><item identifier="itm00099" identifierref="res00155"><title>Purpose</title></item><item identifier="itm00124" identifierref="res00180"><title>Presentation</title></item><item identifier="itm00133" identifierref="res00189"><title>Final Project</title></item></item></item><item identifier="itm00031" identifierref="res00087"><title>Final Project Presentation</title></item><item identifier="itm00032" identifierref="res00088"><title>Final Exam</title></item></item><item identifier="itm00007" identifierref="res00010"><title>COURSE_DEFAULT.DiscussionBoard.APPLICATION.label</title></item><item identifier="itm00008" identifierref="res00011"><title>COURSE_DEFAULT.CourseInformation.CONTENT_LINK.label</title><item identifier="itm00158" identifierref="res00214"><title>First Day Sheet</title></item></item><item identifier="itm00009" identifierref="res00012"><title>Useful Resources</title><item identifier="itm00159" identifierref="res00215"><title>Java in a Nutshell</title></item><item identifier="itm00160" identifierref="res00216"><title>Java&amp;trade; 2 Platform, Standard Edition, v 1.4.2 API Specification</title></item><item identifier="itm00161" identifierref="res00217"><title>Installing Eclipse</title><item identifier="itm00165" identifierref="res00221"><title>Windows Directions</title><item identifier="itm00171" identifierref="res00227"><title>Install the JDK</title></item><item identifier="itm00174" identifierref="res00230"><title>Install JOGL</title></item><item identifier="itm00175" identifierref="res00231"><title>Install SimplerJOGL</title></item><item identifier="itm00178" identifierref="res00234"><title>Install Eclipse</title></item><item identifier="itm00179" identifierref="res00235"><title>Using Your Network Folder</title></item><item identifier="itm00182" identifierref="res00238"><title>Setting Up a New Eclipse Workspace</title></item><item identifier="itm00183" identifierref="res00239"><title>Using a Template to Create a Workspace</title></item></item><item identifier="itm00166" identifierref="res00222"><title>Mac Directions</title><item identifier="itm00172" identifierref="res00228"><title>Install JOGL</title></item><item identifier="itm00173" identifierref="res00229"><title>Install the JDK</title></item><item identifier="itm00176" identifierref="res00232"><title>Install SimplerJOGL</title></item><item identifier="itm00177" identifierref="res00233"><title>Install Eclipse</title></item><item identifier="itm00180" identifierref="res00236"><title>Connect to Your Network Folder</title></item><item identifier="itm00181" identifierref="res00237"><title>Create a Workspace</title></item><item identifier="itm00184" identifierref="res00240"><title>Import a Project</title></item></item></item><item identifier="itm00162" identifierref="res00218"><title>Default Logo Project</title></item><item identifier="itm00163" identifierref="res00219"><title>Suggested Books</title><item identifier="itm00164" identifierref="res00220"><title>Head First Java</title></item><item identifier="itm00167" identifierref="res00223"><title>The Practice of Programming</title></item><item identifier="itm00168" identifierref="res00224"><title>Java Swing</title></item><item identifier="itm00169" identifierref="res00225"><title>"The Red Book"</title></item><item identifier="itm00170" identifierref="res00226"><title>"The Blue Book"</title></item></item></item><item identifier="itm00010" identifierref="res00013"><title>groups.Groups.label</title></item></organization></organizations><resources><resource bb:file="res00001.dat" bb:title="2008-2009 Introduction to Computer Science" identifier="res00001" type="course/x-bb-coursesetting" xml:base="res00001"/><resource bb:file="res00002.dat" bb:title="Course Application Settings" identifier="res00002" type="course/x-bb-courseappsetting" xml:base="res00002"/><resource bb:file="res00003.dat" bb:title="Course Navigation Settings" identifier="res00003" type="course/x-bb-coursenavsetting" xml:base="res00003"/><resource bb:file="res00014.dat" bb:title="Content Handler Data" identifier="res00014" type="course/x-bb-contenthandler" xml:base="res00014"/><resource bb:file="res00015.dat" bb:title="Groups" identifier="res00015" type="course/x-bb-group" xml:base="res00015"/><resource bb:file="res00016.dat" bb:title="Categories" identifier="res00016" type="course/x-bb-category" xml:base="res00016"/><resource bb:file="res00017.dat" bb:title="AP CompSci" identifier="res00017" type="assessment/x-bb-qti-pool" xml:base="res00017"/><resource bb:file="res00018.dat" bb:title="Reading Quiz: JiaN Introduction" identifier="res00018" type="assessment/x-bb-qti-test" xml:base="res00018"/><resource bb:file="res00019.dat" bb:title="Reading Quiz: JiaN pp. 17-21" identifier="res00019" type="assessment/x-bb-qti-test" xml:base="res00019"/><resource bb:file="res00020.dat" bb:title="Reading Quiz: JiaN 21-22, 24-26, 28-33" identifier="res00020" type="assessment/x-bb-qti-test" xml:base="res00020"/><resource bb:file="res00021.dat" bb:title="Reading Quiz: JiaN 64-66" identifier="res00021" type="assessment/x-bb-qti-test" xml:base="res00021"/><resource bb:file="res00022.dat" bb:title="JiaN 34-35, 39, 48-50" identifier="res00022" type="assessment/x-bb-qti-test" xml:base="res00022"/><resource bb:file="res00023.dat" bb:title="Event-driven Programming" identifier="res00023" type="assessment/x-bb-qti-test" xml:base="res00023"/><resource bb:file="res00024.dat" bb:title="JiaN 42-46" identifier="res00024" type="assessment/x-bb-qti-test" xml:base="res00024"/><resource bb:file="res00025.dat" bb:title="JiaN 205-206, 208-209" identifier="res00025" type="assessment/x-bb-qti-test" xml:base="res00025"/><resource bb:file="res00026.dat" bb:title="JUnit &amp; Eclipse" identifier="res00026" type="assessment/x-bb-qti-test" xml:base="res00026"/><resource bb:file="res00027.dat" bb:title="1 Month Course Evaluation" identifier="res00027" type="assessment/x-bb-qti-survey" xml:base="res00027"/><resource bb:file="res00028.dat" bb:title="Assessment Creation Settings" identifier="res00028" type="course/x-bb-courseassessmentcreationsettings" xml:base="res00028"/><resource bb:file="res00029.dat" bb:title="Extra Help this weekend" identifier="res00029" type="resource/x-bb-announcement" xml:base="res00029"/><resource bb:file="res00030.dat" bb:title="SimplerJOGL Updated to Work on Macs" identifier="res00030" type="resource/x-bb-announcement" xml:base="res00030"/><resource bb:file="res00031.dat" bb:title="New SimplerJOGL Broken on Macs" identifier="res00031" type="resource/x-bb-announcement" xml:base="res00031"/><resource bb:file="res00032.dat" bb:title="Welcome to the JOGL" identifier="res00032" type="resource/x-bb-announcement" xml:base="res00032"/><resource bb:file="res00033.dat" bb:title="Welcome to the JOGL" identifier="res00033" type="resource/x-bb-announcement" xml:base="res00033"/><resource bb:file="res00034.dat" bb:title="Demo from Saturday" identifier="res00034" type="resource/x-bb-announcement" xml:base="res00034"/><resource bb:file="res00035.dat" bb:title="Hallway Sample Solution Posted" identifier="res00035" type="resource/x-bb-announcement" xml:base="res00035"/><resource bb:file="res00036.dat" bb:title="Argh." identifier="res00036" type="resource/x-bb-announcement" xml:base="res00036"/><resource bb:file="res00037.dat" bb:title="Saturday Update" identifier="res00037" type="resource/x-bb-announcement" xml:base="res00037"/><resource bb:file="res00038.dat" bb:title="Design Feedback" identifier="res00038" type="resource/x-bb-announcement" xml:base="res00038"/><resource bb:file="res00039.dat" bb:title="No Quiz! Score!" identifier="res00039" type="resource/x-bb-announcement" xml:base="res00039"/><resource bb:file="res00040.dat" bb:title="Saturday in Class" identifier="res00040" type="resource/x-bb-announcement" xml:base="res00040"/><resource bb:file="res00041.dat" bb:title="Fresh links" identifier="res00041" type="resource/x-bb-announcement" xml:base="res00041"/><resource bb:file="res00042.dat" bb:title="Wiki hint" identifier="res00042" type="resource/x-bb-announcement" xml:base="res00042"/><resource bb:file="res00043.dat" bb:title="Please always turn in your entire project!" identifier="res00043" type="resource/x-bb-announcement" xml:base="res00043"/><resource bb:file="res00044.dat" bb:title="Seeing My Comments" identifier="res00044" type="resource/x-bb-announcement" xml:base="res00044"/><resource bb:file="res00045.dat" bb:title="Extra Extra Help" identifier="res00045" type="resource/x-bb-announcement" xml:base="res00045"/><resource bb:file="res00046.dat" bb:title="Group Extension" identifier="res00046" type="resource/x-bb-announcement" xml:base="res00046"/><resource bb:file="res00047.dat" bb:title="Course Evaluations" identifier="res00047" type="resource/x-bb-announcement" xml:base="res00047"/><resource bb:file="res00048.dat" bb:title="Mea Culpa" identifier="res00048" type="resource/x-bb-announcement" xml:base="res00048"/><resource bb:file="res00049.dat" bb:title="Extra Extra Help" identifier="res00049" type="resource/x-bb-announcement" xml:base="res00049"/><resource bb:file="res00050.dat" bb:title="Quiz Curve" identifier="res00050" type="resource/x-bb-announcement" xml:base="res00050"/><resource bb:file="res00051.dat" bb:title="Quiz Hint" identifier="res00051" type="resource/x-bb-announcement" xml:base="res00051"/><resource bb:file="res00052.dat" bb:title="Quizzes Reopened (for some)" identifier="res00052" type="resource/x-bb-announcement" xml:base="res00052"/><resource bb:file="res00053.dat" bb:title="Vocabulary Notes [now without embarassing typos]" identifier="res00053" type="resource/x-bb-announcement" xml:base="res00053"/><resource bb:file="res00054.dat" bb:title="Assignment Posted" identifier="res00054" type="resource/x-bb-announcement" xml:base="res00054"/><resource bb:file="res00055.dat" bb:title="Use Internet Explorer to turn in Phase 3" identifier="res00055" type="resource/x-bb-announcement" xml:base="res00055"/><resource bb:file="res00056.dat" bb:title="Install Eclipse Yourself" identifier="res00056" type="resource/x-bb-announcement" xml:base="res00056"/><resource bb:file="res00057.dat" bb:title="Technology Update" identifier="res00057" type="resource/x-bb-announcement" xml:base="res00057"/><resource bb:file="res00058.dat" bb:title="Welcome to Introduction to Computer Science (Orange)" identifier="res00058" type="resource/x-bb-announcement" xml:base="res00058"/><resource bb:file="res00059.dat" bb:title="Conferences" identifier="res00059" type="resource/x-bb-conference" xml:base="res00059"/><resource bb:file="res00060.dat" bb:title="Statement of Purpose" identifier="res00060" type="resource/x-bb-discussionboard" xml:base="res00060"/><resource bb:file="res00061.dat" bb:title="Course Evaluation" identifier="res00061" type="resource/x-bb-discussionboard" xml:base="res00061"/><resource bb:file="res00062.dat" bb:title="Flashing Lights (Freeman &amp; Abdo)" identifier="res00062" type="resource/x-bb-discussionboard" xml:base="res00062"/><resource bb:file="res00063.dat" bb:title="Magic 8 Ball (Flynn &amp; Moore)" identifier="res00063" type="resource/x-bb-discussionboard" xml:base="res00063"/><resource bb:file="res00064.dat" bb:title="Michael Phelps (Tosti &amp; Farr)" identifier="res00064" type="resource/x-bb-discussionboard" xml:base="res00064"/><resource bb:file="res00065.dat" bb:title="Garey &amp; Back" identifier="res00065" type="resource/x-bb-discussionboard" xml:base="res00065"/><resource bb:file="res00066.dat" bb:title="Trivia (Stephans &amp; Bowditch)" identifier="res00066" type="resource/x-bb-discussionboard" xml:base="res00066"/><resource bb:file="res00241.dat" bb:title="Gradebook" identifier="res00241" type="course/x-bb-gradebook" xml:base="res00241"/><resource bb:file="res00242.dat" bb:title="Course Assessment" identifier="res00242" type="course/x-bb-courseassessment" xml:base="res00242"/><resource bb:file="res00243.dat" bb:title="Course Assessment" identifier="res00243" type="course/x-bb-courseassessment" xml:base="res00243"/><resource bb:file="res00244.dat" bb:title="Course Assessment" identifier="res00244" type="course/x-bb-courseassessment" xml:base="res00244"/><resource bb:file="res00245.dat" bb:title="Course Assessment" identifier="res00245" type="course/x-bb-courseassessment" xml:base="res00245"/><resource bb:file="res00246.dat" bb:title="Course Assessment" identifier="res00246" type="course/x-bb-courseassessment" xml:base="res00246"/><resource bb:file="res00247.dat" bb:title="Course Assessment" identifier="res00247" type="course/x-bb-courseassessment" xml:base="res00247"/><resource bb:file="res00248.dat" bb:title="Course Assessment" identifier="res00248" type="course/x-bb-courseassessment" xml:base="res00248"/><resource bb:file="res00249.dat" bb:title="Course Assessment" identifier="res00249" type="course/x-bb-courseassessment" xml:base="res00249"/><resource bb:file="res00250.dat" bb:title="Course Assessment" identifier="res00250" type="course/x-bb-courseassessment" xml:base="res00250"/><resource bb:file="res00251.dat" bb:title="" identifier="res00251" type="resource/x-bb-link" xml:base="res00251"/><resource bb:file="res00252.dat" bb:title="Reading Quiz: JiaN Introduction" identifier="res00252" type="resource/x-bb-link" xml:base="res00252"/><resource bb:file="res00253.dat" bb:title="" identifier="res00253" type="resource/x-bb-link" xml:base="res00253"/><resource bb:file="res00254.dat" bb:title="Reading Quiz: JiaN pp. 17-21" identifier="res00254" type="resource/x-bb-link" xml:base="res00254"/><resource bb:file="res00255.dat" bb:title="Reading Quiz: JiaN 21-22, 24-26, 28-33" identifier="res00255" type="resource/x-bb-link" xml:base="res00255"/><resource bb:file="res00256.dat" bb:title="Reading Quiz: JiaN 64-66" identifier="res00256" type="resource/x-bb-link" xml:base="res00256"/><resource bb:file="res00257.dat" bb:title="JiaN 34-35, 39, 48-50" identifier="res00257" type="resource/x-bb-link" xml:base="res00257"/><resource bb:file="res00258.dat" bb:title="Quiz Hint" identifier="res00258" type="resource/x-bb-link" xml:base="res00258"/><resource bb:file="res00259.dat" bb:title="Event-driven Programming" identifier="res00259" type="resource/x-bb-link" xml:base="res00259"/><resource bb:file="res00260.dat" bb:title="" identifier="res00260" type="resource/x-bb-link" xml:base="res00260"/><resource bb:file="res00261.dat" bb:title="Course Evaluations" identifier="res00261" type="resource/x-bb-link" xml:base="res00261"/><resource bb:file="res00262.dat" bb:title="JiaN 42-46" identifier="res00262" type="resource/x-bb-link" xml:base="res00262"/><resource bb:file="res00263.dat" bb:title="" identifier="res00263" type="resource/x-bb-link" xml:base="res00263"/><resource bb:file="res00264.dat" bb:title="JiaN 205-206, 208-209" identifier="res00264" type="resource/x-bb-link" xml:base="res00264"/><resource bb:file="res00265.dat" bb:title="" identifier="res00265" type="resource/x-bb-link" xml:base="res00265"/><resource bb:file="res00266.dat" bb:title="" identifier="res00266" type="resource/x-bb-link" xml:base="res00266"/><resource bb:file="res00267.dat" bb:title="" identifier="res00267" type="resource/x-bb-link" xml:base="res00267"/><resource bb:file="res00268.dat" bb:title="JUnit &amp; Eclipse" identifier="res00268" type="resource/x-bb-link" xml:base="res00268"/><resource bb:file="res00269.dat" bb:title="/Assignments/Text Processing" identifier="res00269" type="resource/x-bb-link" xml:base="res00269"/><resource bb:file="res00270.dat" bb:title="/Assignments/User Input &amp; Logic" identifier="res00270" type="resource/x-bb-link" xml:base="res00270"/><resource bb:file="res00271.dat" bb:title="/Assignments/Mini Project Design" identifier="res00271" type="resource/x-bb-link" xml:base="res00271"/><resource bb:file="res00272.dat" bb:title="/Assignments/Loops" identifier="res00272" type="resource/x-bb-link" xml:base="res00272"/><resource bb:file="res00273.dat" bb:title="/Assignments/Text Processing" identifier="res00273" type="resource/x-bb-link" xml:base="res00273"/><resource bb:file="res00274.dat" bb:title="/Assignments/Variables and Abstraction" identifier="res00274" type="resource/x-bb-link" xml:base="res00274"/><resource bb:file="res00275.dat" bb:title="/Assignments/User Input &amp; Logic" identifier="res00275" type="resource/x-bb-link" xml:base="res00275"/><resource bb:file="res00276.dat" bb:title="/Assignments/Becoming a Computer Scientist" identifier="res00276" type="resource/x-bb-link" xml:base="res00276"/><resource bb:file="res00277.dat" bb:title="/Assignments/Loops" identifier="res00277" type="resource/x-bb-link" xml:base="res00277"/><resource bb:file="res00278.dat" bb:title="/Assignments/Variables and Abstraction" identifier="res00278" type="resource/x-bb-link" xml:base="res00278"/><resource bb:file="res00279.dat" bb:title="Design Feedback" identifier="res00279" type="resource/x-bb-link" xml:base="res00279"/><resource bb:file="res00280.dat" bb:title="No Quiz! Score!" identifier="res00280" type="resource/x-bb-link" xml:base="res00280"/><resource bb:file="res00281.dat" bb:title="/Assignments/Mini Project Development" identifier="res00281" type="resource/x-bb-link" xml:base="res00281"/><resource bb:file="res00282.dat" bb:title="/Assignments/Mini Project Design" identifier="res00282" type="resource/x-bb-link" xml:base="res00282"/><resource bb:file="res00283.dat" bb:title="/Useful Resources/Default Logo Project" identifier="res00283" type="resource/x-bb-link" xml:base="res00283"/><resource bb:file="res00284.dat" bb:title="/Assignments/Mini Project Development" identifier="res00284" type="resource/x-bb-link" xml:base="res00284"/><resource bb:file="res00285.dat" bb:title="/Assignments/Objects" identifier="res00285" type="resource/x-bb-link" xml:base="res00285"/><resource bb:file="res00286.dat" bb:title="Hallway Sample Solution Posted" identifier="res00286" type="resource/x-bb-link" xml:base="res00286"/><resource bb:file="res00287.dat" bb:title="" identifier="res00287" type="resource/x-bb-link" xml:base="res00287"/><resource bb:file="res00288.dat" bb:title="/Assignments/Objects" identifier="res00288" type="resource/x-bb-link" xml:base="res00288"/><resource bb:file="res00289.dat" bb:title="/Assignments/Accordion Week" identifier="res00289" type="resource/x-bb-link" xml:base="res00289"/><resource bb:file="res00290.dat" bb:title="" identifier="res00290" type="resource/x-bb-link" xml:base="res00290"/><resource bb:file="res00291.dat" bb:title="" identifier="res00291" type="resource/x-bb-link" xml:base="res00291"/><resource bb:file="res00292.dat" bb:title="/Assignments/Final Project Debug" identifier="res00292" type="resource/x-bb-link" xml:base="res00292"/><resource bb:file="res00293.dat" bb:title="/Assignments/Accordion Week" identifier="res00293" type="resource/x-bb-link" xml:base="res00293"/><resource bb:file="res00294.dat" bb:title="This Week" identifier="res00294" type="resource/x-bb-link" xml:base="res00294"/><resource bb:file="res00295.dat" bb:title="" identifier="res00295" type="resource/x-bb-link" xml:base="res00295"/><resource bb:file="res00296.dat" bb:title="" identifier="res00296" type="resource/x-bb-link" xml:base="res00296"/><resource bb:file="res00297.dat" bb:title="Collaboration Sessions" identifier="res00297" type="course/x-bb-collabsession" xml:base="res00297"/><resource bb:file="res00004.dat" bb:title="This Week" identifier="res00004" type="course/x-bb-coursetoc" xml:base="res00004"/><resource bb:file="res00005.dat" bb:title="COURSE_DEFAULT.Announcements.APPLICATION.label" identifier="res00005" type="course/x-bb-coursetoc" xml:base="res00005"/><resource bb:file="res00006.dat" bb:title="News" identifier="res00006" type="course/x-bb-coursetoc" xml:base="res00006"/><resource bb:file="res00067.dat" bb:title="Articles of Interest from Mr. B" identifier="res00067" type="resource/x-bb-document" xml:base="res00067"/><resource bb:file="res00007.dat" bb:title="student_gradebook.MyGrades.label" identifier="res00007" type="course/x-bb-coursetoc" xml:base="res00007"/><resource bb:file="res00008.dat" bb:title="Intro CS Wiki" identifier="res00008" type="course/x-bb-coursetoc" xml:base="res00008"/><resource bb:file="res00009.dat" bb:title="COURSE_DEFAULT.Assignments.CONTENT_LINK.label" identifier="res00009" type="course/x-bb-coursetoc" xml:base="res00009"/><resource bb:file="res00068.dat" bb:title="Becoming a Computer Scientist" identifier="res00068" type="resource/x-bb-document" xml:base="res00068"/><resource bb:file="res00089.dat" bb:title="This Week" identifier="res00089" type="resource/x-bb-document" xml:base="res00089"/><resource bb:file="res00108.dat" bb:title="Statement of Purpose (due Monday, 9/8)" identifier="res00108" type="resource/x-bb-document" xml:base="res00108"/><resource bb:file="res00160.dat" bb:title="Directions" identifier="res00160" type="resource/x-bb-document" xml:base="res00160"/><resource bb:file="res00177.dat" bb:title="The Pleasure of Finding Things Out" identifier="res00177" type="resource/x-bb-document" xml:base="res00177"/><resource bb:file="res00191.dat" bb:title="Computing Machinery and Intelligence" identifier="res00191" type="resource/x-bb-document" xml:base="res00191"/><resource bb:file="res00201.dat" bb:title="Statement of Purpose" identifier="res00201" type="resource/x-bb-document" xml:base="res00201"/><resource bb:file="res00111.dat" bb:title="Logo Phase 1 (due Tuesday, 9/9 at the end of class)" identifier="res00111" type="resource/x-bb-document" xml:base="res00111"/><resource bb:file="res00161.dat" bb:title="Welcome to Logo" identifier="res00161" type="resource/x-bb-document" xml:base="res00161"><file href="embedded\logo_project.GIF"/><file href="embedded\logo_shell.GIF"/></resource><resource bb:file="res00176.dat" bb:title="Logo Commands" identifier="res00176" type="resource/x-bb-document" xml:base="res00176"><file href="embedded\logo_box.GIF"/></resource><resource bb:file="res00192.dat" bb:title="Logo Syntax" identifier="res00192" type="resource/x-bb-document" xml:base="res00192"/><resource bb:file="res00200.dat" bb:title="The Challenge" identifier="res00200" type="resource/x-bb-document" xml:base="res00200"><file href="embedded\logo_house.GIF"/></resource><resource bb:file="res00128.dat" bb:title="Logo Phase 2 (due Saturday, 9/13 at the end of class)" identifier="res00128" type="resource/x-bb-document" xml:base="res00128"/><resource bb:file="res00157.dat" bb:title="A Pretty, Pretty Drawing" identifier="res00157" type="resource/x-bb-document" xml:base="res00157"/><resource bb:file="res00129.dat" bb:title="Logo Phase 3 (due Monday, 9/15)" identifier="res00129" type="resource/x-bb-document" xml:base="res00129"/><resource bb:file="res00159.dat" bb:title="Converting Your Logo Drawing into a Java Program" identifier="res00159" type="resource/x-bb-document" xml:base="res00159"><file href="embedded\logoscript.gif"/></resource><resource bb:file="res00178.dat" bb:title="Turning It into &quot;Real&quot; Java" identifier="res00178" type="resource/x-bb-document" xml:base="res00178"/><resource bb:file="res00190.dat" bb:title="Translations" identifier="res00190" type="resource/x-bb-document" xml:base="res00190"/><resource bb:file="res00202.dat" bb:title="Logo Phase 3" identifier="res00202" type="resource/x-bb-document" xml:base="res00202"/><resource bb:file="res00144.dat" bb:title="Reading (due Monday, 9/15)" identifier="res00144" type="resource/x-bb-document" xml:base="res00144"/><resource bb:file="res00156.dat" bb:title="Reading Questions" identifier="res00156" type="resource/x-bb-document" xml:base="res00156"/><resource bb:file="res00179.dat" bb:title="Diagrams" identifier="res00179" type="resource/x-bb-document" xml:base="res00179"><file href="Computer System.pdf"/><file href="Development Path.pdf"/></resource><resource bb:file="res00194.dat" bb:title="Class Notes" identifier="res00194" type="resource/x-bb-document" xml:base="res00194"><file href="Jay Freeman.doc"/><file href="Courtney Flynn.doc"/></resource><resource bb:file="res00203.dat" bb:title="Reading Quiz: JiaN Introduction" identifier="res00203" type="resource/x-bb-document" xml:base="res00203"/><resource bb:file="res00146.dat" bb:title="Next Week: Variables &amp; Abstraction" identifier="res00146" type="resource/x-bb-document" xml:base="res00146"/><resource bb:file="res00069.dat" bb:title="Variables &amp; Abstraction" identifier="res00069" type="resource/x-bb-document" xml:base="res00069"/><resource bb:file="res00096.dat" bb:title="Last Week: Becoming a Computer Scientist" identifier="res00096" type="resource/x-bb-document" xml:base="res00096"/><resource bb:file="res00109.dat" bb:title="This Week" identifier="res00109" type="resource/x-bb-document" xml:base="res00109"/><resource bb:file="res00110.dat" bb:title="Reading (due Wednesday, 9/17)" identifier="res00110" type="resource/x-bb-document" xml:base="res00110"/><resource bb:file="res00158.dat" bb:title="Reading Quiz: JiaN pp. 17-21" identifier="res00158" type="resource/x-bb-document" xml:base="res00158"/><resource bb:file="res00127.dat" bb:title="Reading (due Thursday, 9/18)" identifier="res00127" type="resource/x-bb-document" xml:base="res00127"/><resource bb:file="res00163.dat" bb:title="Reading Quiz: JiaN 21-22, 24-26, 28-33" identifier="res00163" type="resource/x-bb-document" xml:base="res00163"/><resource bb:file="res00130.dat" bb:title="Reading (due Saturday, 9/20)" identifier="res00130" type="resource/x-bb-document" xml:base="res00130"/><resource bb:file="res00167.dat" bb:title="Reading Quiz: JiaN 64-66" identifier="res00167" type="resource/x-bb-document" xml:base="res00167"/><resource bb:file="res00143.dat" bb:title="Logo Phase 4 (due Monday, 9/22)" identifier="res00143" type="resource/x-bb-document" xml:base="res00143"/><resource bb:file="res00162.dat" bb:title="Documentation" identifier="res00162" type="resource/x-bb-document" xml:base="res00162"/><resource bb:file="res00175.dat" bb:title="Variables" identifier="res00175" type="resource/x-bb-document" xml:base="res00175"/><resource bb:file="res00193.dat" bb:title="Variables (Scaled)" identifier="res00193" type="resource/x-bb-document" xml:base="res00193"/><resource bb:file="res00199.dat" bb:title="Separating Sections of Code" identifier="res00199" type="resource/x-bb-document" xml:base="res00199"/><resource bb:file="res00208.dat" bb:title="Methods" identifier="res00208" type="resource/x-bb-document" xml:base="res00208"/><resource bb:file="res00210.dat" bb:title="Methods (Applied)" identifier="res00210" type="resource/x-bb-document" xml:base="res00210"/><resource bb:file="res00213.dat" bb:title="Final Requirements" identifier="res00213" type="resource/x-bb-document" xml:base="res00213"/><resource bb:file="res00145.dat" bb:title="Next Week: Loops" identifier="res00145" type="resource/x-bb-document" xml:base="res00145"/><resource bb:file="res00070.dat" bb:title="Loops" identifier="res00070" type="resource/x-bb-document" xml:base="res00070"/><resource bb:file="res00098.dat" bb:title="Last Week: Variables &amp; Abstraction" identifier="res00098" type="resource/x-bb-document" xml:base="res00098"/><resource bb:file="res00106.dat" bb:title="This Week" identifier="res00106" type="resource/x-bb-document" xml:base="res00106"/><resource bb:file="res00113.dat" bb:title="Reading (due Thursday, 9/25)" identifier="res00113" type="resource/x-bb-document" xml:base="res00113"/><resource bb:file="res00166.dat" bb:title="JiaN 34-35, 39, 48-50" identifier="res00166" type="resource/x-bb-document" xml:base="res00166"/><resource bb:file="res00126.dat" bb:title="Loops and Patterns (due Tuesday, 9/30 halfway through the double)" identifier="res00126" type="resource/x-bb-document" xml:base="res00126"/><resource bb:file="res00164.dat" bb:title="Pattern" identifier="res00164" type="resource/x-bb-document" xml:base="res00164"><file href="embedded\!506963747572652031.png"/></resource><resource bb:file="res00137.dat" bb:title="Next Week: User Input &amp; Logic" identifier="res00137" type="resource/x-bb-document" xml:base="res00137"/><resource bb:file="res00071.dat" bb:title="User Input &amp; Logic" identifier="res00071" type="resource/x-bb-document" xml:base="res00071"/><resource bb:file="res00095.dat" bb:title="Last Week: Loops" identifier="res00095" type="resource/x-bb-document" xml:base="res00095"/><resource bb:file="res00107.dat" bb:title="This Week" identifier="res00107" type="resource/x-bb-document" xml:base="res00107"/><resource bb:file="res00112.dat" bb:title="Reading (due Thursday, 10/2)" identifier="res00112" type="resource/x-bb-document" xml:base="res00112"/><resource bb:file="res00165.dat" bb:title="Event-driven Programming" identifier="res00165" type="resource/x-bb-document" xml:base="res00165"/><resource bb:file="res00123.dat" bb:title="Reading (due Thursday, 10/9)" identifier="res00123" type="resource/x-bb-document" xml:base="res00123"/><resource bb:file="res00168.dat" bb:title="JiaN 42-46" identifier="res00168" type="resource/x-bb-document" xml:base="res00168"/><resource bb:file="res00132.dat" bb:title="Paint (due Monday, 10/13 at the end of class)" identifier="res00132" type="resource/x-bb-document" xml:base="res00132"/><resource bb:file="res00169.dat" bb:title="Paint" identifier="res00169" type="resource/x-bb-document" xml:base="res00169"/><resource bb:file="res00139.dat" bb:title="Next Week: Text Processing" identifier="res00139" type="resource/x-bb-document" xml:base="res00139"/><resource bb:file="res00072.dat" bb:title="Text Processing" identifier="res00072" type="resource/x-bb-document" xml:base="res00072"/><resource bb:file="res00094.dat" bb:title="Last Week: User Input &amp; Logic" identifier="res00094" type="resource/x-bb-document" xml:base="res00094"/><resource bb:file="res00105.dat" bb:title="This Week" identifier="res00105" type="resource/x-bb-document" xml:base="res00105"/><resource bb:file="res00115.dat" bb:title="Reading (due Tuesday, 10/14)" identifier="res00115" type="resource/x-bb-document" xml:base="res00115"/><resource bb:file="res00172.dat" bb:title="JiaN 205-206, 208-209" identifier="res00172" type="resource/x-bb-document" xml:base="res00172"/><resource bb:file="res00124.dat" bb:title="Text I/O Sample Code" identifier="res00124" type="resource/x-bb-document" xml:base="res00124"><file href="Text Input and Output.zip"/></resource><resource bb:file="res00134.dat" bb:title="Caesar Ciphers (due Saturday, 10/25)" identifier="res00134" type="resource/x-bb-document" xml:base="res00134"/><resource bb:file="res00170.dat" bb:title="Historic Caesar Ciphers" identifier="res00170" type="resource/x-bb-document" xml:base="res00170"/><resource bb:file="res00174.dat" bb:title="Modulo Arithmetic" identifier="res00174" type="resource/x-bb-document" xml:base="res00174"/><resource bb:file="res00195.dat" bb:title="Math with Characters (and Casting)" identifier="res00195" type="resource/x-bb-document" xml:base="res00195"/><resource bb:file="res00198.dat" bb:title="Caesar Cipher" identifier="res00198" type="resource/x-bb-document" xml:base="res00198"/><resource bb:file="res00140.dat" bb:title="Next Week: Mini Project Design" identifier="res00140" type="resource/x-bb-document" xml:base="res00140"/><resource bb:file="res00073.dat" bb:title="Testing" identifier="res00073" type="resource/x-bb-document" xml:base="res00073"/><resource bb:file="res00090.dat" bb:title="This Week" identifier="res00090" type="resource/x-bb-document" xml:base="res00090"/><resource bb:file="res00074.dat" bb:title="Mini Project Design" identifier="res00074" type="resource/x-bb-document" xml:base="res00074"/><resource bb:file="res00093.dat" bb:title="Last Week: Text Processing" identifier="res00093" type="resource/x-bb-document" xml:base="res00093"/><resource bb:file="res00102.dat" bb:title="This Week" identifier="res00102" type="resource/x-bb-document" xml:base="res00102"/><resource bb:file="res00114.dat" bb:title="Caesar Cipher Code with JUnit Tests" identifier="res00114" type="resource/x-bb-document" xml:base="res00114"><file href="Caesar Cipher.zip"/></resource><resource bb:file="res00125.dat" bb:title="Update Class Wiki (due Thursday, 10/30)" identifier="res00125" type="resource/x-bb-document" xml:base="res00125"/><resource bb:file="res00131.dat" bb:title="Mini Project Phase 1: Design (due Monday, 11/2)" identifier="res00131" type="resource/x-bb-document" xml:base="res00131"/><resource bb:file="res00171.dat" bb:title="Purpose" identifier="res00171" type="resource/x-bb-document" xml:base="res00171"/><resource bb:file="res00173.dat" bb:title="Components" identifier="res00173" type="resource/x-bb-document" xml:base="res00173"/><resource bb:file="res00196.dat" bb:title="Ground Rules" identifier="res00196" type="resource/x-bb-document" xml:base="res00196"/><resource bb:file="res00197.dat" bb:title="Ideas" identifier="res00197" type="resource/x-bb-document" xml:base="res00197"/><resource bb:file="res00209.dat" bb:title="Design" identifier="res00209" type="resource/x-bb-document" xml:base="res00209"/><resource bb:file="res00138.dat" bb:title="Reading (due Tuesday, 11/4)" identifier="res00138" type="resource/x-bb-document" xml:base="res00138"/><resource bb:file="res00150.dat" bb:title="JUnit &amp; Eclipse" identifier="res00150" type="resource/x-bb-document" xml:base="res00150"/><resource bb:file="res00147.dat" bb:title="Design 2nd Draft (due Thursday, 11/6)" identifier="res00147" type="resource/x-bb-document" xml:base="res00147"/><resource bb:file="res00148.dat" bb:title="Test Plan Draft (due Thursday, 11/6)" identifier="res00148" type="resource/x-bb-document" xml:base="res00148"/><resource bb:file="res00149.dat" bb:title="Next Week: Mini Project Development" identifier="res00149" type="resource/x-bb-document" xml:base="res00149"/><resource bb:file="res00075.dat" bb:title="Mini Project Development" identifier="res00075" type="resource/x-bb-document" xml:base="res00075"/><resource bb:file="res00097.dat" bb:title="Last Week: Mini Project Design" identifier="res00097" type="resource/x-bb-document" xml:base="res00097"/><resource bb:file="res00101.dat" bb:title="Mini Project Code (due Thursday, 11/20)" identifier="res00101" type="resource/x-bb-document" xml:base="res00101"/><resource bb:file="res00118.dat" bb:title="Default Logo Project" identifier="res00118" type="resource/x-bb-document" xml:base="res00118"/><resource bb:file="res00121.dat" bb:title="Saturday, 11/15" identifier="res00121" type="resource/x-bb-document" xml:base="res00121"/><resource bb:file="res00136.dat" bb:title="Next Week: Objects" identifier="res00136" type="resource/x-bb-document" xml:base="res00136"/><resource bb:file="res00076.dat" bb:title="End of Window 1" identifier="res00076" type="resource/x-bb-document" xml:base="res00076"/><resource bb:file="res00077.dat" bb:title="Objects" identifier="res00077" type="resource/x-bb-document" xml:base="res00077"/><resource bb:file="res00099.dat" bb:title="Last Week: Mini Project Development" identifier="res00099" type="resource/x-bb-document" xml:base="res00099"/><resource bb:file="res00103.dat" bb:title="This Week" identifier="res00103" type="resource/x-bb-document" xml:base="res00103"/><resource bb:file="res00119.dat" bb:title="Hall of Light Bulbs (due Saturday, 12/6)" identifier="res00119" type="resource/x-bb-document" xml:base="res00119"/><resource bb:file="res00151.dat" bb:title="The Puzzle" identifier="res00151" type="resource/x-bb-document" xml:base="res00151"/><resource bb:file="res00184.dat" bb:title="Hallway of Lightbulbs" identifier="res00184" type="resource/x-bb-document" xml:base="res00184"/><resource bb:file="res00185.dat" bb:title="Sample Solution" identifier="res00185" type="resource/x-bb-document" xml:base="res00185"/><resource bb:file="res00120.dat" bb:title="Game of Life (due Tuesday, 12/16 at the end of class)" identifier="res00120" type="resource/x-bb-document" xml:base="res00120"/><resource bb:file="res00152.dat" bb:title="John Conway and Cellular Automata" identifier="res00152" type="resource/x-bb-document" xml:base="res00152"/><resource bb:file="res00183.dat" bb:title="Organism.java" identifier="res00183" type="resource/x-bb-document" xml:base="res00183"><file href="Organism.java"/></resource><resource bb:file="res00186.dat" bb:title="LogoScript.java" identifier="res00186" type="resource/x-bb-document" xml:base="res00186"><file href="LogoScript.java"/></resource><resource bb:file="res00206.dat" bb:title="Game of Life" identifier="res00206" type="resource/x-bb-document" xml:base="res00206"/><resource bb:file="res00135.dat" bb:title="GraphPaperRacer Demo" identifier="res00135" type="resource/x-bb-document" xml:base="res00135"><file href="GraphPaperRacer.zip"/></resource><resource bb:file="res00142.dat" bb:title="Next Week: Accordion Week" identifier="res00142" type="resource/x-bb-document" xml:base="res00142"/><resource bb:file="res00078.dat" bb:title="Instances &amp; References" identifier="res00078" type="resource/x-bb-document" xml:base="res00078"/><resource bb:file="res00079.dat" bb:title="Inheritance" identifier="res00079" type="resource/x-bb-document" xml:base="res00079"/><resource bb:file="res00080.dat" bb:title="Thanksgiving Break" identifier="res00080" type="resource/x-bb-document" xml:base="res00080"/><resource bb:file="res00081.dat" bb:title="Accordion Week" identifier="res00081" type="resource/x-bb-document" xml:base="res00081"/><resource bb:file="res00092.dat" bb:title="Last Week: Objects" identifier="res00092" type="resource/x-bb-document" xml:base="res00092"/><resource bb:file="res00100.dat" bb:title="Welcome to the JOGL" identifier="res00100" type="resource/x-bb-document" xml:base="res00100"/><resource bb:file="res00153.dat" bb:title="Shapes" identifier="res00153" type="resource/x-bb-document" xml:base="res00153"/><resource bb:file="res00182.dat" bb:title="Transformations" identifier="res00182" type="resource/x-bb-document" xml:base="res00182"/><resource bb:file="res00187.dat" bb:title="Combining Transformations" identifier="res00187" type="resource/x-bb-document" xml:base="res00187"/><resource bb:file="res00205.dat" bb:title="Placing the Camera &quot;Eye&quot;" identifier="res00205" type="resource/x-bb-document" xml:base="res00205"/><resource bb:file="res00207.dat" bb:title="Sample Program" identifier="res00207" type="resource/x-bb-document" xml:base="res00207"/><resource bb:file="res00211.dat" bb:title="JOGLRenderer.java" identifier="res00211" type="resource/x-bb-document" xml:base="res00211"><file href="JOGLRenderer.java"/></resource><resource bb:file="res00212.dat" bb:title="JOGLApp.java" identifier="res00212" type="resource/x-bb-document" xml:base="res00212"><file href="JOGLApp.java"/></resource><resource bb:file="res00117.dat" bb:title="Welcome to the JOGL" identifier="res00117" type="resource/x-bb-document" xml:base="res00117"/><resource bb:file="res00122.dat" bb:title="Hand Demo" identifier="res00122" type="resource/x-bb-document" xml:base="res00122"/><resource bb:file="res00154.dat" bb:title="FingerJoint.java" identifier="res00154" type="resource/x-bb-document" xml:base="res00154"><file href="FingerJoint.java"/></resource><resource bb:file="res00181.dat" bb:title="Finger.java" identifier="res00181" type="resource/x-bb-document" xml:base="res00181"><file href="Finger.java"/></resource><resource bb:file="res00188.dat" bb:title="JOGLRenderer.java" identifier="res00188" type="resource/x-bb-document" xml:base="res00188"><file href="SimplerJOGLRenderer.java"/></resource><resource bb:file="res00204.dat" bb:title="JOGLApp.java" identifier="res00204" type="resource/x-bb-document" xml:base="res00204"><file href="SimplerJOGLApp.java"/></resource><resource bb:file="res00133.dat" bb:title="Object-based JOGL Model" identifier="res00133" type="resource/x-bb-document" xml:base="res00133"/><resource bb:file="res00141.dat" bb:title="Next Week: Final Project Debug" identifier="res00141" type="resource/x-bb-document" xml:base="res00141"/><resource bb:file="res00082.dat" bb:title="Design Workshop" identifier="res00082" type="resource/x-bb-document" xml:base="res00082"/><resource bb:file="res00083.dat" bb:title="Final Project Proposals" identifier="res00083" type="resource/x-bb-document" xml:base="res00083"/><resource bb:file="res00084.dat" bb:title="Christmas Break" identifier="res00084" type="resource/x-bb-document" xml:base="res00084"/><resource bb:file="res00085.dat" bb:title="Final Project Development" identifier="res00085" type="resource/x-bb-document" xml:base="res00085"/><resource bb:file="res00086.dat" bb:title="Final Project Debug" identifier="res00086" type="resource/x-bb-document" xml:base="res00086"/><resource bb:file="res00091.dat" bb:title="Last Week: Accordion Week" identifier="res00091" type="resource/x-bb-document" xml:base="res00091"/><resource bb:file="res00104.dat" bb:title="This Week" identifier="res00104" type="resource/x-bb-document" xml:base="res00104"/><resource bb:file="res00116.dat" bb:title="Final Project" identifier="res00116" type="resource/x-bb-document" xml:base="res00116"/><resource bb:file="res00155.dat" bb:title="Purpose" identifier="res00155" type="resource/x-bb-document" xml:base="res00155"/><resource bb:file="res00180.dat" bb:title="Presentation" identifier="res00180" type="resource/x-bb-document" xml:base="res00180"/><resource bb:file="res00189.dat" bb:title="Final Project" identifier="res00189" type="resource/x-bb-document" xml:base="res00189"/><resource bb:file="res00087.dat" bb:title="Final Project Presentation" identifier="res00087" type="resource/x-bb-document" xml:base="res00087"/><resource bb:file="res00088.dat" bb:title="Final Exam" identifier="res00088" type="resource/x-bb-document" xml:base="res00088"/><resource bb:file="res00010.dat" bb:title="COURSE_DEFAULT.DiscussionBoard.APPLICATION.label" identifier="res00010" type="course/x-bb-coursetoc" xml:base="res00010"/><resource bb:file="res00011.dat" bb:title="COURSE_DEFAULT.CourseInformation.CONTENT_LINK.label" identifier="res00011" type="course/x-bb-coursetoc" xml:base="res00011"/><resource bb:file="res00214.dat" bb:title="First Day Sheet" identifier="res00214" type="resource/x-bb-document" xml:base="res00214"><file href="First Day Sheet.pdf"/></resource><resource bb:file="res00012.dat" bb:title="Useful Resources" identifier="res00012" type="course/x-bb-coursetoc" xml:base="res00012"/><resource bb:file="res00215.dat" bb:title="Java in a Nutshell" identifier="res00215" type="resource/x-bb-document" xml:base="res00215"/><resource bb:file="res00216.dat" bb:title="Java&amp;trade; 2 Platform, Standard Edition, v 1.4.2 API Specification" identifier="res00216" type="resource/x-bb-document" xml:base="res00216"/><resource bb:file="res00217.dat" bb:title="Installing Eclipse" identifier="res00217" type="resource/x-bb-document" xml:base="res00217"/><resource bb:file="res00221.dat" bb:title="Windows Directions" identifier="res00221" type="resource/x-bb-document" xml:base="res00221"/><resource bb:file="res00227.dat" bb:title="Install the JDK" identifier="res00227" type="resource/x-bb-document" xml:base="res00227"/><resource bb:file="res00230.dat" bb:title="Install JOGL" identifier="res00230" type="resource/x-bb-document" xml:base="res00230"/><resource bb:file="res00231.dat" bb:title="Install SimplerJOGL" identifier="res00231" type="resource/x-bb-document" xml:base="res00231"><file href="simplerjogl.zip"/></resource><resource bb:file="res00234.dat" bb:title="Install Eclipse" identifier="res00234" type="resource/x-bb-document" xml:base="res00234"/><resource bb:file="res00235.dat" bb:title="Using Your Network Folder" identifier="res00235" type="resource/x-bb-document" xml:base="res00235"/><resource bb:file="res00238.dat" bb:title="Setting Up a New Eclipse Workspace" identifier="res00238" type="resource/x-bb-document" xml:base="res00238"/><resource bb:file="res00239.dat" bb:title="Using a Template to Create a Workspace" identifier="res00239" type="resource/x-bb-document" xml:base="res00239"><file href="Eclipse_Workspace.zip"/></resource><resource bb:file="res00222.dat" bb:title="Mac Directions" identifier="res00222" type="resource/x-bb-document" xml:base="res00222"/><resource bb:file="res00228.dat" bb:title="Install JOGL" identifier="res00228" type="resource/x-bb-document" xml:base="res00228"/><resource bb:file="res00229.dat" bb:title="Install the JDK" identifier="res00229" type="resource/x-bb-document" xml:base="res00229"/><resource bb:file="res00232.dat" bb:title="Install SimplerJOGL" identifier="res00232" type="resource/x-bb-document" xml:base="res00232"><file href="simplerjogl.zip"/></resource><resource bb:file="res00233.dat" bb:title="Install Eclipse" identifier="res00233" type="resource/x-bb-document" xml:base="res00233"/><resource bb:file="res00236.dat" bb:title="Connect to Your Network Folder" identifier="res00236" type="resource/x-bb-document" xml:base="res00236"/><resource bb:file="res00237.dat" bb:title="Create a Workspace" identifier="res00237" type="resource/x-bb-document" xml:base="res00237"/><resource bb:file="res00240.dat" bb:title="Import a Project" identifier="res00240" type="resource/x-bb-document" xml:base="res00240"/><resource bb:file="res00218.dat" bb:title="Default Logo Project" identifier="res00218" type="resource/x-bb-document" xml:base="res00218"><file href="Logo Template.zip"/></resource><resource bb:file="res00219.dat" bb:title="Suggested Books" identifier="res00219" type="resource/x-bb-document" xml:base="res00219"/><resource bb:file="res00220.dat" bb:title="Head First Java" identifier="res00220" type="resource/x-bb-document" xml:base="res00220"/><resource bb:file="res00223.dat" bb:title="The Practice of Programming" identifier="res00223" type="resource/x-bb-document" xml:base="res00223"/><resource bb:file="res00224.dat" bb:title="Java Swing" identifier="res00224" type="resource/x-bb-document" xml:base="res00224"/><resource bb:file="res00225.dat" bb:title="&quot;The Red Book&quot;" identifier="res00225" type="resource/x-bb-document" xml:base="res00225"/><resource bb:file="res00226.dat" bb:title="&quot;The Blue Book&quot;" identifier="res00226" type="resource/x-bb-document" xml:base="res00226"/><resource bb:file="res00013.dat" bb:title="groups.Groups.label" identifier="res00013" type="course/x-bb-coursetoc" xml:base="res00013"/></resources></manifest>
