<?xml version="1.0" encoding="UTF-8"?>
<manifest identifier="man00001" xmlns:bb="http://www.blackboard.com/content-packaging/"><organizations default="toc00001"><organization identifier="toc00001"><item identifier="itm00001" identifierref="res00004"><title>Canvas</title><item identifier="itm00011" identifierref="res00062"><title>Switch to Canvas</title></item></item><item identifier="itm00002" identifierref="res00005"><title>COURSE_DEFAULT.Announcements.APPLICATION.label</title></item><item identifier="itm00003" identifierref="res00006"><title>Syllabus</title></item><item identifier="itm00004" identifierref="res00007"><title>News Beats</title><item identifier="itm00012" identifierref="res00063"><title>News Presentations</title></item><item identifier="itm00013" identifierref="res00064"><title>Possible Newspaper Choices</title><item identifier="itm00017" identifierref="res00068"><title>AlJazeera</title></item><item identifier="itm00018" identifierref="res00069"><title>The Moscow Times</title></item><item identifier="itm00019" identifierref="res00070"><title>China Daily</title></item><item identifier="itm00020" identifierref="res00071"><title>Der Spiegel</title></item><item identifier="itm00021" identifierref="res00072"><title>Le Monde</title></item><item identifier="itm00022" identifierref="res00073"><title>Australian Financial Review</title></item><item identifier="itm00023" identifierref="res00074"><title>African Online News</title></item><item identifier="itm00024" identifierref="res00075"><title>Santiago Times</title></item></item><item identifier="itm00014" identifierref="res00065"><title>#SMTFS</title></item><item identifier="itm00015" identifierref="res00066"><title>Written News Presentations</title></item><item identifier="itm00016" identifierref="res00067"><title>Oral News Presentations</title></item></item><item identifier="itm00005" identifierref="res00008"><title>1. Trade &amp; Economics</title><item identifier="itm00025" identifierref="res00076"><title>Form Day: The End of Poverty</title></item><item identifier="itm00026" identifierref="res00077"><title>Determining Credibility</title></item><item identifier="itm00027" identifierref="res00078"><title>International Economics WebQuest</title></item><item identifier="itm00028" identifierref="res00079"><title>WebQuest, Part 1</title></item><item identifier="itm00029" identifierref="res00080"><title>WebQuest, Part 2: Critical Article</title></item><item identifier="itm00030" identifierref="res00081"><title>WebQuest, Part 2: Positive Article</title></item><item identifier="itm00031" identifierref="res00082"><title>The Bretton Woods Trio</title></item><item identifier="itm00032" identifierref="res00083"><title>News Beat Written Presentation 3</title></item><item identifier="itm00033" identifierref="res00084"><title>Plagiarism Worksheet</title></item><item identifier="itm00034" identifierref="res00085"><title>Globalization Myths</title></item><item identifier="itm00035" identifierref="res00086"><title>Shorty Writing Assignment</title></item><item identifier="itm00036" identifierref="res00087"><title>"In Praise of Cheap Labor: Bad Jobs at Bad Wages are Better than No Jobs at All" OR "How Ideas Trump Crises"</title></item><item identifier="itm00037" identifierref="res00088"><title>Globalisation is Good</title></item><item identifier="itm00038" identifierref="res00089"><title>Trade and Globalization: The good news about Asian sweatshops</title></item><item identifier="itm00039" identifierref="res00090"><title>News Beat Written Presentation 2</title></item><item identifier="itm00040" identifierref="res00091"><title>Friday, September 28 Class Notes</title></item><item identifier="itm00041" identifierref="res00092"><title>Apple's iPad and the Human Costs for Workers in China</title></item><item identifier="itm00042" identifierref="res00093"><title>Globalization and Its DIscontents</title></item><item identifier="itm00043" identifierref="res00094"><title>Friday, September 21 Class Notes</title></item><item identifier="itm00044" identifierref="res00095"><title>History of Globalization, Part 2</title></item><item identifier="itm00045" identifierref="res00096"><title>History of Globalization, Part 1</title></item><item identifier="itm00046" identifierref="res00097"><title>Paragraphs and Topic Sentences</title></item><item identifier="itm00047" identifierref="res00098"><title>Note-taking on News Articles</title></item><item identifier="itm00048" identifierref="res00099"><title>How to Write a Thesis Statement</title></item><item identifier="itm00049" identifierref="res00100"><title>News Beat Written Presentation 1</title></item><item identifier="itm00050" identifierref="res00101"><title>Definitions of Terms</title></item><item identifier="itm00051" identifierref="res00102"><title>Trade Items in Your Room</title></item><item identifier="itm00052" identifierref="res00103"><title>First Day Sheet</title></item><item identifier="itm00053" identifierref="res00104"><title>Note Taking</title></item><item identifier="itm00054" identifierref="res00105"><title>First Day Questionnaire</title></item><item identifier="itm00055" identifierref="res00106"><title>News Beats assignment</title></item></item><item identifier="itm00006" identifierref="res00009"><title>2. Civics</title><item identifier="itm00056" identifierref="res00107"><title>Concession and Acceptance Speeches</title></item><item identifier="itm00057" identifierref="res00108"><title>Election Position Paper</title></item><item identifier="itm00058" identifierref="res00109"><title>Children of Polarization</title></item><item identifier="itm00059" identifierref="res00110"><title>Dollars &amp; Votes Background</title></item><item identifier="itm00060" identifierref="res00111"><title>Campaign Ad Analyses</title></item><item identifier="itm00061" identifierref="res00112"><title>For Whom Should They Vote?</title></item><item identifier="itm00062" identifierref="res00113"><title>Election Issue Campaign Poster</title></item><item identifier="itm00063" identifierref="res00114"><title>Election Issues</title></item><item identifier="itm00064" identifierref="res00115"><title>Where do they stand?</title></item><item identifier="itm00065" identifierref="res00116"><title>Facebook Feedback</title></item><item identifier="itm00066" identifierref="res00117"><title>Candidate Facebook Timelines</title></item><item identifier="itm00067" identifierref="res00118"><title>Spend no more than an hour on this homework!</title></item><item identifier="itm00068" identifierref="res00119"><title>U.S. Presidential Election</title></item><item identifier="itm00069" identifierref="res00120"><title>EXTRA CREDIT: Third Presidential Debate</title></item><item identifier="itm00070" identifierref="res00121"><title>EXTRA CREDIT: Second Presidential Debate</title></item><item identifier="itm00071" identifierref="res00122"><title>Caveat</title></item><item identifier="itm00072" identifierref="res00123"><title>What's at Stake?</title></item></item><item identifier="itm00007" identifierref="res00010"><title>1a. Country Presentations</title><item identifier="itm00073" identifierref="res00124"><title>Country Presentations</title></item><item identifier="itm00074" identifierref="res00125"><title>Country Presentation Self-Assessment</title></item><item identifier="itm00075" identifierref="res00126"><title>Country Presentation</title></item><item identifier="itm00076" identifierref="res00127"><title>Countries</title></item><item identifier="itm00077" identifierref="res00128"><title>On Notetaking</title></item><item identifier="itm00078" identifierref="res00129"><title>Initial Web Resources</title></item><item identifier="itm00079" identifierref="res00130"><title>St. Mark's Library</title></item><item identifier="itm00080" identifierref="res00131"><title>Son of Citation Machine</title></item><item identifier="itm00081" identifierref="res00132"><title>Rubrics</title></item></item><item identifier="itm00008" identifierref="res00011"><title>3. Environment</title><item identifier="itm00082" identifierref="res00133"><title>Climate Change Policy Presentation Self-Assessment</title></item><item identifier="itm00083" identifierref="res00134"><title>December 13 Cocurricular: Meet in Class of '45 Hall</title></item><item identifier="itm00084" identifierref="res00135"><title>Policy Proposal: Opening Statement</title></item><item identifier="itm00085" identifierref="res00136"><title>Policy Proposal: Policy Outline</title></item><item identifier="itm00086" identifierref="res00137"><title>Library Databases</title></item><item identifier="itm00087" identifierref="res00138"><title>Tuesday's class will meet in the Library</title></item><item identifier="itm00088" identifierref="res00139"><title>Policy Proposal: Identify the Issue</title></item><item identifier="itm00089" identifierref="res00140"><title>Climate Change Ethics</title></item><item identifier="itm00090" identifierref="res00141"><title>Environmental Issues on the International Agenda</title></item><item identifier="itm00091" identifierref="res00142"><title>Research Effects of Climate Change</title></item><item identifier="itm00092" identifierref="res00143"><title>Humanity's Impact on the Carbon Cycle</title></item><item identifier="itm00093" identifierref="res00144"><title>Global Environmental Problems</title></item><item identifier="itm00094" identifierref="res00145"><title>Calculate Your Carbon Footprint</title></item><item identifier="itm00095" identifierref="res00146"><title>NPR: Climate Change</title></item><item identifier="itm00096" identifierref="res00147"><title>Sign up for Oral News Presentation</title></item></item><item identifier="itm00009" identifierref="res00012"><title>4. Disease</title><item identifier="itm00097" identifierref="res00148"><title>Global Citizenship</title></item><item identifier="itm00098" identifierref="res00149"><title>Poster Project Update</title></item><item identifier="itm00099" identifierref="res00150"><title>West Nile Virus Research</title></item><item identifier="itm00100" identifierref="res00151"><title>-</title></item><item identifier="itm00101" identifierref="res00152"><title>Malaria Research</title></item><item identifier="itm00102" identifierref="res00153"><title>-</title></item><item identifier="itm00103" identifierref="res00154"><title>10 Minute Write</title></item><item identifier="itm00104" identifierref="res00155"><title>Social Justice</title></item><item identifier="itm00105" identifierref="res00156"><title>HIV/AIDS</title></item><item identifier="itm00106" identifierref="res00157"><title>Global Transmission of Disease</title></item><item identifier="itm00107" identifierref="res00158"><title>Timeline of the Bubonic Plague</title></item><item identifier="itm00108" identifierref="res00159"><title>The Black Death</title></item><item identifier="itm00109" identifierref="res00160"><title>The Black Death, 1348</title></item><item identifier="itm00110" identifierref="res00161"><title>Plague: The Black Death</title></item><item identifier="itm00111" identifierref="res00162"><title>Scientists Solve Puzzle of Black Death’s DNA</title></item><item identifier="itm00112" identifierref="res00163"><title>Oregon Man to Lose Fingers From Black Plague, 'Lucky' to Be Alive</title></item><item identifier="itm00113" identifierref="res00164"><title>Partners in Health</title></item><item identifier="itm00114" identifierref="res00165"><title>Infectious Disease Quiz</title></item><item identifier="itm00115" identifierref="res00166"><title>The Ecology of Disease</title></item><item identifier="itm00116" identifierref="res00167"><title>Climate Change Policy Presentation Self-Assessment</title></item></item><item identifier="itm00010" identifierref="res00013"><title>Infectious Disease Research Project</title><item identifier="itm00117" identifierref="res00168"><title>TFS/Biology Infectious Disease Research Project</title></item><item identifier="itm00118" identifierref="res00169"><title>Poster/Poster Presentation Rubric</title></item><item identifier="itm00119" identifierref="res00170"><title>Designing your poster</title></item><item identifier="itm00120" identifierref="res00171"><title>Useful Library Resources</title></item><item identifier="itm00121" identifierref="res00172"><title>Share your Google Docs!</title></item></item></organization></organizations><resources><resource bb:file="res00001.dat" bb:title="TFS: Our Times" identifier="res00001" type="course/x-bb-coursesetting" xml:base="res00001"/><resource bb:file="res00002.dat" bb:title="Course Application Settings" identifier="res00002" type="course/x-bb-courseappsetting" xml:base="res00002"/><resource bb:file="res00003.dat" bb:title="Course Navigation Settings" identifier="res00003" type="course/x-bb-coursenavsetting" xml:base="res00003"/><resource bb:file="res00014.dat" bb:title="Content Handler Data" identifier="res00014" type="course/x-bb-contenthandler" xml:base="res00014"/><resource bb:file="res00015.dat" bb:title="Groups" identifier="res00015" type="course/x-bb-group" xml:base="res00015"/><resource bb:file="res00016.dat" bb:title="First Day Questionnaire" identifier="res00016" type="assessment/x-bb-qti-survey" xml:base="res00016"/><resource bb:file="res00017.dat" bb:title="Assessment Creation Settings" identifier="res00017" type="course/x-bb-courseassessmentcreationsettings" xml:base="res00017"/><resource bb:file="res00018.dat" bb:title="Survey and Homework for Monday" identifier="res00018" type="resource/x-bb-announcement" xml:base="res00018"/><resource bb:file="res00019.dat" bb:title="Semester Grades" identifier="res00019" type="resource/x-bb-announcement" xml:base="res00019"/><resource bb:file="res00020.dat" bb:title="No Class Friday 1/25" identifier="res00020" type="resource/x-bb-announcement" xml:base="res00020"/><resource bb:file="res00021.dat" bb:title="West Nile for Friday" identifier="res00021" type="resource/x-bb-announcement" xml:base="res00021"/><resource bb:file="res00022.dat" bb:title="Homework for Wednesday" identifier="res00022" type="resource/x-bb-announcement" xml:base="res00022"/><resource bb:file="res00023.dat" bb:title="Missing Book" identifier="res00023" type="resource/x-bb-announcement" xml:base="res00023"/><resource bb:file="res00024.dat" bb:title="Homework for Thursday" identifier="res00024" type="resource/x-bb-announcement" xml:base="res00024"/><resource bb:file="res00025.dat" bb:title="Share your Google Docs!" identifier="res00025" type="resource/x-bb-announcement" xml:base="res00025"/><resource bb:file="res00026.dat" bb:title="Co-Curricular Tomorrow and Homework for Tuesday" identifier="res00026" type="resource/x-bb-announcement" xml:base="res00026"/><resource bb:file="res00027.dat" bb:title="Homework for Tomorrow" identifier="res00027" type="resource/x-bb-announcement" xml:base="res00027"/><resource bb:file="res00028.dat" bb:title="Assignment Update for January" identifier="res00028" type="resource/x-bb-announcement" xml:base="res00028"/><resource bb:file="res00029.dat" bb:title="Homework for January" identifier="res00029" type="resource/x-bb-announcement" xml:base="res00029"/><resource bb:file="res00030.dat" bb:title="Class Friday in Room 12" identifier="res00030" type="resource/x-bb-announcement" xml:base="res00030"/><resource bb:file="res00031.dat" bb:title="Class Wednesday in Room 12" identifier="res00031" type="resource/x-bb-announcement" xml:base="res00031"/><resource bb:file="res00032.dat" bb:title="Does going paperless really reduce our carbon footprint?" identifier="res00032" type="resource/x-bb-announcement" xml:base="res00032"/><resource bb:file="res00033.dat" bb:title="Country Presentation Feedback" identifier="res00033" type="resource/x-bb-announcement" xml:base="res00033"/><resource bb:file="res00034.dat" bb:title="Update on Tonight's Homework" identifier="res00034" type="resource/x-bb-announcement" xml:base="res00034"/><resource bb:file="res00035.dat" bb:title="...and one more thing!" identifier="res00035" type="resource/x-bb-announcement" xml:base="res00035"/><resource bb:file="res00036.dat" bb:title="Homework over Thanksgiving Break" identifier="res00036" type="resource/x-bb-announcement" xml:base="res00036"/><resource bb:file="res00037.dat" bb:title="Class Tuesday and Wednesday" identifier="res00037" type="resource/x-bb-announcement" xml:base="res00037"/><resource bb:file="res00038.dat" bb:title="Window 1 Grades" identifier="res00038" type="resource/x-bb-announcement" xml:base="res00038"/><resource bb:file="res00039.dat" bb:title="For Monday" identifier="res00039" type="resource/x-bb-announcement" xml:base="res00039"/><resource bb:file="res00040.dat" bb:title="Class Friday" identifier="res00040" type="resource/x-bb-announcement" xml:base="res00040"/><resource bb:file="res00041.dat" bb:title="Logistics" identifier="res00041" type="resource/x-bb-announcement" xml:base="res00041"/><resource bb:file="res00042.dat" bb:title="Sharing Documents" identifier="res00042" type="resource/x-bb-announcement" xml:base="res00042"/><resource bb:file="res00043.dat" bb:title="Campaign Poster Clarifications" identifier="res00043" type="resource/x-bb-announcement" xml:base="res00043"/><resource bb:file="res00044.dat" bb:title="Facebook Feedback" identifier="res00044" type="resource/x-bb-announcement" xml:base="res00044"/><resource bb:file="res00045.dat" bb:title="Decode DC" identifier="res00045" type="resource/x-bb-announcement" xml:base="res00045"/><resource bb:file="res00046.dat" bb:title="Reminder re: Facebook Project" identifier="res00046" type="resource/x-bb-announcement" xml:base="res00046"/><resource bb:file="res00047.dat" bb:title="Extra credit opportunity" identifier="res00047" type="resource/x-bb-announcement" xml:base="res00047"/><resource bb:file="res00048.dat" bb:title="Homework for Wednesday" identifier="res00048" type="resource/x-bb-announcement" xml:base="res00048"/><resource bb:file="res00049.dat" bb:title="For Monday" identifier="res00049" type="resource/x-bb-announcement" xml:base="res00049"/><resource bb:file="res00050.dat" bb:title="News Beat Turn-in via Blackboard" identifier="res00050" type="resource/x-bb-announcement" xml:base="res00050"/><resource bb:file="res00051.dat" bb:title="Debate tonight!" identifier="res00051" type="resource/x-bb-announcement" xml:base="res00051"/><resource bb:file="res00052.dat" bb:title="Homework for Thursday" identifier="res00052" type="resource/x-bb-announcement" xml:base="res00052"/><resource bb:file="res00053.dat" bb:title="Reading for Friday" identifier="res00053" type="resource/x-bb-announcement" xml:base="res00053"/><resource bb:file="res00054.dat" bb:title="Returned Homework" identifier="res00054" type="resource/x-bb-announcement" xml:base="res00054"/><resource bb:file="res00055.dat" bb:title="Assignment(s) for Wednesday" identifier="res00055" type="resource/x-bb-announcement" xml:base="res00055"/><resource bb:file="res00056.dat" bb:title="Planners" identifier="res00056" type="resource/x-bb-announcement" xml:base="res00056"/><resource bb:file="res00057.dat" bb:title="Homework Update" identifier="res00057" type="resource/x-bb-announcement" xml:base="res00057"/><resource bb:file="res00058.dat" bb:title="Bb &quot;My Classes&quot; Box" identifier="res00058" type="resource/x-bb-announcement" xml:base="res00058"/><resource bb:file="res00059.dat" bb:title="Blackboard!" identifier="res00059" type="resource/x-bb-announcement" xml:base="res00059"/><resource bb:file="res00060.dat" bb:title="Conferences" identifier="res00060" type="resource/x-bb-conference" xml:base="res00060"/><resource bb:file="res00061.dat" bb:title="Test Group" identifier="res00061" type="resource/x-bb-discussionboard" xml:base="res00061"/><resource bb:file="res00173.dat" bb:title="Gradebook" identifier="res00173" type="course/x-bb-gradebook" xml:base="res00173"/><resource bb:file="res00174.dat" bb:title="Course Assessment" identifier="res00174" type="course/x-bb-courseassessment" xml:base="res00174"/><resource bb:file="res00175.dat" bb:title="First Day Questionnaire" identifier="res00175" type="resource/x-bb-link" xml:base="res00175"/><resource bb:file="res00176.dat" bb:title="Homework for Thursday" identifier="res00176" type="resource/x-bb-link" xml:base="res00176"/><resource bb:file="res00177.dat" bb:title="News Beat Turn-in via Blackboard" identifier="res00177" type="resource/x-bb-link" xml:base="res00177"/><resource bb:file="res00178.dat" bb:title="Logistics" identifier="res00178" type="resource/x-bb-link" xml:base="res00178"/><resource bb:file="res00179.dat" bb:title="" identifier="res00179" type="resource/x-bb-link" xml:base="res00179"/><resource bb:file="res00180.dat" bb:title="Co-Curricular Tomorrow and Homework for Tuesday" identifier="res00180" type="resource/x-bb-link" xml:base="res00180"/><resource bb:file="res00181.dat" bb:title="Homework for Thursday" identifier="res00181" type="resource/x-bb-link" xml:base="res00181"/><resource bb:file="res00182.dat" bb:title="" identifier="res00182" type="resource/x-bb-link" xml:base="res00182"/><resource bb:file="res00183.dat" bb:title="Survey and Homework for Monday" identifier="res00183" type="resource/x-bb-link" xml:base="res00183"/><resource bb:file="res00184.dat" bb:title="Collaboration Sessions" identifier="res00184" type="course/x-bb-collabsession" xml:base="res00184"/><resource bb:file="res00004.dat" bb:title="Canvas" identifier="res00004" type="course/x-bb-coursetoc" xml:base="res00004"/><resource bb:file="res00062.dat" bb:title="Switch to Canvas" identifier="res00062" type="resource/x-bb-document" xml:base="res00062"/><resource bb:file="res00005.dat" bb:title="COURSE_DEFAULT.Announcements.APPLICATION.label" identifier="res00005" type="course/x-bb-coursetoc" xml:base="res00005"/><resource bb:file="res00006.dat" bb:title="Syllabus" identifier="res00006" type="course/x-bb-coursetoc" xml:base="res00006"/><resource bb:file="res00007.dat" bb:title="News Beats" identifier="res00007" type="course/x-bb-coursetoc" xml:base="res00007"/><resource bb:file="res00063.dat" bb:title="News Presentations" identifier="res00063" type="resource/x-bb-document" xml:base="res00063"/><resource bb:file="res00064.dat" bb:title="Possible Newspaper Choices" identifier="res00064" type="resource/x-bb-document" xml:base="res00064"/><resource bb:file="res00068.dat" bb:title="AlJazeera" identifier="res00068" type="resource/x-bb-document" xml:base="res00068"/><resource bb:file="res00069.dat" bb:title="The Moscow Times" identifier="res00069" type="resource/x-bb-document" xml:base="res00069"/><resource bb:file="res00070.dat" bb:title="China Daily" identifier="res00070" type="resource/x-bb-document" xml:base="res00070"/><resource bb:file="res00071.dat" bb:title="Der Spiegel" identifier="res00071" type="resource/x-bb-document" xml:base="res00071"/><resource bb:file="res00072.dat" bb:title="Le Monde" identifier="res00072" type="resource/x-bb-document" xml:base="res00072"/><resource bb:file="res00073.dat" bb:title="Australian Financial Review" identifier="res00073" type="resource/x-bb-document" xml:base="res00073"/><resource bb:file="res00074.dat" bb:title="African Online News" identifier="res00074" type="resource/x-bb-document" xml:base="res00074"/><resource bb:file="res00075.dat" bb:title="Santiago Times" identifier="res00075" type="resource/x-bb-document" xml:base="res00075"/><resource bb:file="res00065.dat" bb:title="#SMTFS" identifier="res00065" type="resource/x-bb-document" xml:base="res00065"/><resource bb:file="res00066.dat" bb:title="Written News Presentations" identifier="res00066" type="resource/x-bb-document" xml:base="res00066"><file href="2012-2013 Written News Presentations.pdf"/></resource><resource bb:file="res00067.dat" bb:title="Oral News Presentations" identifier="res00067" type="resource/x-bb-document" xml:base="res00067"><file href="2012-2013 Oral News Presentations.pdf"/></resource><resource bb:file="res00008.dat" bb:title="1. Trade &amp; Economics" identifier="res00008" type="course/x-bb-coursetoc" xml:base="res00008"/><resource bb:file="res00076.dat" bb:title="Form Day: The End of Poverty" identifier="res00076" type="resource/x-bb-document" xml:base="res00076"/><resource bb:file="res00077.dat" bb:title="Determining Credibility" identifier="res00077" type="resource/x-bb-document" xml:base="res00077"/><resource bb:file="res00078.dat" bb:title="International Economics WebQuest" identifier="res00078" type="resource/x-bb-document" xml:base="res00078"/><resource bb:file="res00079.dat" bb:title="WebQuest, Part 1" identifier="res00079" type="resource/x-bb-document" xml:base="res00079"/><resource bb:file="res00080.dat" bb:title="WebQuest, Part 2: Critical Article" identifier="res00080" type="resource/x-bb-document" xml:base="res00080"/><resource bb:file="res00081.dat" bb:title="WebQuest, Part 2: Positive Article" identifier="res00081" type="resource/x-bb-document" xml:base="res00081"/><resource bb:file="res00082.dat" bb:title="The Bretton Woods Trio" identifier="res00082" type="resource/x-bb-document" xml:base="res00082"><file href="The Bretton Woods Trio (The No-Nonse Guide to Globalization).pdf"/></resource><resource bb:file="res00083.dat" bb:title="News Beat Written Presentation 3" identifier="res00083" type="resource/x-bb-document" xml:base="res00083"/><resource bb:file="res00084.dat" bb:title="Plagiarism Worksheet" identifier="res00084" type="resource/x-bb-document" xml:base="res00084"><file href="Plagiarize, Paraphrase, Quote Worksheet.pdf"/></resource><resource bb:file="res00085.dat" bb:title="Globalization Myths" identifier="res00085" type="resource/x-bb-document" xml:base="res00085"><file href="Globalization Myths.pdf"/></resource><resource bb:file="res00086.dat" bb:title="Shorty Writing Assignment" identifier="res00086" type="resource/x-bb-document" xml:base="res00086"/><resource bb:file="res00087.dat" bb:title="&quot;In Praise of Cheap Labor: Bad Jobs at Bad Wages are Better than No Jobs at All&quot; OR &quot;How Ideas Trump Crises&quot;" identifier="res00087" type="resource/x-bb-document" xml:base="res00087"/><resource bb:file="res00088.dat" bb:title="Globalisation is Good" identifier="res00088" type="resource/x-bb-document" xml:base="res00088"/><resource bb:file="res00089.dat" bb:title="Trade and Globalization: The good news about Asian sweatshops" identifier="res00089" type="resource/x-bb-document" xml:base="res00089"><file href="Trade and Globalization (Naked Economics, Wheelan).pdf"/></resource><resource bb:file="res00090.dat" bb:title="News Beat Written Presentation 2" identifier="res00090" type="resource/x-bb-document" xml:base="res00090"/><resource bb:file="res00091.dat" bb:title="Friday, September 28 Class Notes" identifier="res00091" type="resource/x-bb-document" xml:base="res00091"/><resource bb:file="res00092.dat" bb:title="Apple's iPad and the Human Costs for Workers in China" identifier="res00092" type="resource/x-bb-document" xml:base="res00092"><file href="Apple’s iPad and the Human Costs for Workers in China - NYTimes.com.pdf"/></resource><resource bb:file="res00093.dat" bb:title="Globalization and Its DIscontents" identifier="res00093" type="resource/x-bb-document" xml:base="res00093"><file href="Globalization and Its Discontents (Stiglitz, Joseph E.).pdf"/></resource><resource bb:file="res00094.dat" bb:title="Friday, September 21 Class Notes" identifier="res00094" type="resource/x-bb-document" xml:base="res00094"/><resource bb:file="res00095.dat" bb:title="History of Globalization, Part 2" identifier="res00095" type="resource/x-bb-document" xml:base="res00095"/><resource bb:file="res00096.dat" bb:title="History of Globalization, Part 1" identifier="res00096" type="resource/x-bb-document" xml:base="res00096"><file href="History of Globalization.pdf"/></resource><resource bb:file="res00097.dat" bb:title="Paragraphs and Topic Sentences" identifier="res00097" type="resource/x-bb-document" xml:base="res00097"><file href="Indiana - Paragraphs and Topic Sentences.pdf"/></resource><resource bb:file="res00098.dat" bb:title="Note-taking on News Articles" identifier="res00098" type="resource/x-bb-document" xml:base="res00098"/><resource bb:file="res00099.dat" bb:title="How to Write a Thesis Statement" identifier="res00099" type="resource/x-bb-document" xml:base="res00099"><file href="Indiana - How to Write a Thesis Statement.pdf"/></resource><resource bb:file="res00100.dat" bb:title="News Beat Written Presentation 1" identifier="res00100" type="resource/x-bb-document" xml:base="res00100"/><resource bb:file="res00101.dat" bb:title="Definitions of Terms" identifier="res00101" type="resource/x-bb-document" xml:base="res00101"><file href="2012-09-11 Definition of Terms.pdf"/></resource><resource bb:file="res00102.dat" bb:title="Trade Items in Your Room" identifier="res00102" type="resource/x-bb-document" xml:base="res00102"/><resource bb:file="res00103.dat" bb:title="First Day Sheet" identifier="res00103" type="resource/x-bb-document" xml:base="res00103"><file href="2012-2013 First Day Sheet.pdf"/></resource><resource bb:file="res00104.dat" bb:title="Note Taking" identifier="res00104" type="resource/x-bb-document" xml:base="res00104"><file href="Note Taking (Stanford University).pdf"/></resource><resource bb:file="res00105.dat" bb:title="First Day Questionnaire" identifier="res00105" type="resource/x-bb-document" xml:base="res00105"/><resource bb:file="res00106.dat" bb:title="News Beats assignment" identifier="res00106" type="resource/x-bb-document" xml:base="res00106"/><resource bb:file="res00009.dat" bb:title="2. Civics" identifier="res00009" type="course/x-bb-coursetoc" xml:base="res00009"/><resource bb:file="res00107.dat" bb:title="Concession and Acceptance Speeches" identifier="res00107" type="resource/x-bb-document" xml:base="res00107"/><resource bb:file="res00108.dat" bb:title="Election Position Paper" identifier="res00108" type="resource/x-bb-document" xml:base="res00108"><file href="Election Position Rubric.pdf"/></resource><resource bb:file="res00109.dat" bb:title="Children of Polarization" identifier="res00109" type="resource/x-bb-document" xml:base="res00109"/><resource bb:file="res00110.dat" bb:title="Dollars &amp; Votes Background" identifier="res00110" type="resource/x-bb-document" xml:base="res00110"><file href="SuperPacSS_Background.pdf"/></resource><resource bb:file="res00111.dat" bb:title="Campaign Ad Analyses" identifier="res00111" type="resource/x-bb-document" xml:base="res00111"><file href="embedded\220px-Obama_logomark.svg.png"/><file href="embedded\RomneyRmod.jpg"/></resource><resource bb:file="res00112.dat" bb:title="For Whom Should They Vote?" identifier="res00112" type="resource/x-bb-document" xml:base="res00112"><file href="2012-11-01 For Whom Should They Vote.pdf"/></resource><resource bb:file="res00113.dat" bb:title="Election Issue Campaign Poster" identifier="res00113" type="resource/x-bb-document" xml:base="res00113"/><resource bb:file="res00114.dat" bb:title="Election Issues" identifier="res00114" type="resource/x-bb-document" xml:base="res00114"/><resource bb:file="res00115.dat" bb:title="Where do they stand?" identifier="res00115" type="resource/x-bb-document" xml:base="res00115"><file href="Obama and Romney - Where They Stand (JFK Library).pdf"/></resource><resource bb:file="res00116.dat" bb:title="Facebook Feedback" identifier="res00116" type="resource/x-bb-document" xml:base="res00116"/><resource bb:file="res00117.dat" bb:title="Candidate Facebook Timelines" identifier="res00117" type="resource/x-bb-document" xml:base="res00117"/><resource bb:file="res00118.dat" bb:title="Spend no more than an hour on this homework!" identifier="res00118" type="resource/x-bb-document" xml:base="res00118"/><resource bb:file="res00119.dat" bb:title="U.S. Presidential Election" identifier="res00119" type="resource/x-bb-document" xml:base="res00119"/><resource bb:file="res00120.dat" bb:title="EXTRA CREDIT: Third Presidential Debate" identifier="res00120" type="resource/x-bb-document" xml:base="res00120"/><resource bb:file="res00121.dat" bb:title="EXTRA CREDIT: Second Presidential Debate" identifier="res00121" type="resource/x-bb-document" xml:base="res00121"/><resource bb:file="res00122.dat" bb:title="Caveat" identifier="res00122" type="resource/x-bb-document" xml:base="res00122"/><resource bb:file="res00123.dat" bb:title="What's at Stake?" identifier="res00123" type="resource/x-bb-document" xml:base="res00123"/><resource bb:file="res00010.dat" bb:title="1a. Country Presentations" identifier="res00010" type="course/x-bb-coursetoc" xml:base="res00010"/><resource bb:file="res00124.dat" bb:title="Country Presentations" identifier="res00124" type="resource/x-bb-document" xml:base="res00124"/><resource bb:file="res00125.dat" bb:title="Country Presentation Self-Assessment" identifier="res00125" type="resource/x-bb-document" xml:base="res00125"/><resource bb:file="res00126.dat" bb:title="Country Presentation" identifier="res00126" type="resource/x-bb-document" xml:base="res00126"/><resource bb:file="res00127.dat" bb:title="Countries" identifier="res00127" type="resource/x-bb-document" xml:base="res00127"/><resource bb:file="res00128.dat" bb:title="On Notetaking" identifier="res00128" type="resource/x-bb-document" xml:base="res00128"><file href="Note Taking (Stanford University).pdf"/></resource><resource bb:file="res00129.dat" bb:title="Initial Web Resources" identifier="res00129" type="resource/x-bb-document" xml:base="res00129"/><resource bb:file="res00130.dat" bb:title="St. Mark's Library" identifier="res00130" type="resource/x-bb-document" xml:base="res00130"/><resource bb:file="res00131.dat" bb:title="Son of Citation Machine" identifier="res00131" type="resource/x-bb-document" xml:base="res00131"/><resource bb:file="res00132.dat" bb:title="Rubrics" identifier="res00132" type="resource/x-bb-document" xml:base="res00132"><file href="2012-11-16 Country Presentations Rubric.pdf"/><file href="TFS Presentation Rubric.pdf"/></resource><resource bb:file="res00011.dat" bb:title="3. Environment" identifier="res00011" type="course/x-bb-coursetoc" xml:base="res00011"/><resource bb:file="res00133.dat" bb:title="Climate Change Policy Presentation Self-Assessment" identifier="res00133" type="resource/x-bb-document" xml:base="res00133"/><resource bb:file="res00134.dat" bb:title="December 13 Cocurricular: Meet in Class of '45 Hall" identifier="res00134" type="resource/x-bb-document" xml:base="res00134"/><resource bb:file="res00135.dat" bb:title="Policy Proposal: Opening Statement" identifier="res00135" type="resource/x-bb-document" xml:base="res00135"/><resource bb:file="res00136.dat" bb:title="Policy Proposal: Policy Outline" identifier="res00136" type="resource/x-bb-document" xml:base="res00136"/><resource bb:file="res00137.dat" bb:title="Library Databases" identifier="res00137" type="resource/x-bb-document" xml:base="res00137"/><resource bb:file="res00138.dat" bb:title="Tuesday's class will meet in the Library" identifier="res00138" type="resource/x-bb-document" xml:base="res00138"/><resource bb:file="res00139.dat" bb:title="Policy Proposal: Identify the Issue" identifier="res00139" type="resource/x-bb-document" xml:base="res00139"/><resource bb:file="res00140.dat" bb:title="Climate Change Ethics" identifier="res00140" type="resource/x-bb-document" xml:base="res00140"><file href="Climate Change Ethics (Sue Stafford).pptx"/></resource><resource bb:file="res00141.dat" bb:title="Environmental Issues on the International Agenda" identifier="res00141" type="resource/x-bb-document" xml:base="res00141"><file href="Environmental Issues on the International Agenda (Choices.edu).pdf"/><file href="Environmental Issues on the International Agenda Study Guide (Choices.edu).pdf"/></resource><resource bb:file="res00142.dat" bb:title="Research Effects of Climate Change" identifier="res00142" type="resource/x-bb-document" xml:base="res00142"/><resource bb:file="res00143.dat" bb:title="Humanity's Impact on the Carbon Cycle" identifier="res00143" type="resource/x-bb-document" xml:base="res00143"><file href="Humanity's Impact on the Carbon Cycle (Choices.edu).pdf"/></resource><resource bb:file="res00144.dat" bb:title="Global Environmental Problems" identifier="res00144" type="resource/x-bb-document" xml:base="res00144"><file href="Choices for the 21st Century (Watson Institute).pdf"/></resource><resource bb:file="res00145.dat" bb:title="Calculate Your Carbon Footprint" identifier="res00145" type="resource/x-bb-document" xml:base="res00145"/><resource bb:file="res00146.dat" bb:title="NPR: Climate Change" identifier="res00146" type="resource/x-bb-document" xml:base="res00146"/><resource bb:file="res00147.dat" bb:title="Sign up for Oral News Presentation" identifier="res00147" type="resource/x-bb-document" xml:base="res00147"/><resource bb:file="res00012.dat" bb:title="4. Disease" identifier="res00012" type="course/x-bb-coursetoc" xml:base="res00012"/><resource bb:file="res00148.dat" bb:title="Global Citizenship" identifier="res00148" type="resource/x-bb-document" xml:base="res00148"/><resource bb:file="res00149.dat" bb:title="Poster Project Update" identifier="res00149" type="resource/x-bb-document" xml:base="res00149"/><resource bb:file="res00150.dat" bb:title="West Nile Virus Research" identifier="res00150" type="resource/x-bb-document" xml:base="res00150"/><resource bb:file="res00151.dat" bb:title="-" identifier="res00151" type="resource/x-bb-document" xml:base="res00151"/><resource bb:file="res00152.dat" bb:title="Malaria Research" identifier="res00152" type="resource/x-bb-document" xml:base="res00152"/><resource bb:file="res00153.dat" bb:title="-" identifier="res00153" type="resource/x-bb-document" xml:base="res00153"/><resource bb:file="res00154.dat" bb:title="10 Minute Write" identifier="res00154" type="resource/x-bb-document" xml:base="res00154"/><resource bb:file="res00155.dat" bb:title="Social Justice" identifier="res00155" type="resource/x-bb-document" xml:base="res00155"><file href="Social determinants of infectious diseases.pdf"/></resource><resource bb:file="res00156.dat" bb:title="HIV/AIDS" identifier="res00156" type="resource/x-bb-document" xml:base="res00156"/><resource bb:file="res00157.dat" bb:title="Global Transmission of Disease" identifier="res00157" type="resource/x-bb-document" xml:base="res00157"/><resource bb:file="res00158.dat" bb:title="Timeline of the Bubonic Plague" identifier="res00158" type="resource/x-bb-document" xml:base="res00158"/><resource bb:file="res00159.dat" bb:title="The Black Death" identifier="res00159" type="resource/x-bb-document" xml:base="res00159"/><resource bb:file="res00160.dat" bb:title="The Black Death, 1348" identifier="res00160" type="resource/x-bb-document" xml:base="res00160"/><resource bb:file="res00161.dat" bb:title="Plague: The Black Death" identifier="res00161" type="resource/x-bb-document" xml:base="res00161"/><resource bb:file="res00162.dat" bb:title="Scientists Solve Puzzle of Black Death’s DNA" identifier="res00162" type="resource/x-bb-document" xml:base="res00162"/><resource bb:file="res00163.dat" bb:title="Oregon Man to Lose Fingers From Black Plague, 'Lucky' to Be Alive" identifier="res00163" type="resource/x-bb-document" xml:base="res00163"/><resource bb:file="res00164.dat" bb:title="Partners in Health" identifier="res00164" type="resource/x-bb-document" xml:base="res00164"/><resource bb:file="res00165.dat" bb:title="Infectious Disease Quiz" identifier="res00165" type="resource/x-bb-document" xml:base="res00165"/><resource bb:file="res00166.dat" bb:title="The Ecology of Disease" identifier="res00166" type="resource/x-bb-document" xml:base="res00166"/><resource bb:file="res00167.dat" bb:title="Climate Change Policy Presentation Self-Assessment" identifier="res00167" type="resource/x-bb-document" xml:base="res00167"/><resource bb:file="res00013.dat" bb:title="Infectious Disease Research Project" identifier="res00013" type="course/x-bb-coursetoc" xml:base="res00013"/><resource bb:file="res00168.dat" bb:title="TFS/Biology Infectious Disease Research Project" identifier="res00168" type="resource/x-bb-document" xml:base="res00168"><file href="TFS-Biology Poster Assignment.pdf"/></resource><resource bb:file="res00169.dat" bb:title="Poster/Poster Presentation Rubric" identifier="res00169" type="resource/x-bb-document" xml:base="res00169"><file href="Poster Session Rubric.pdf"/></resource><resource bb:file="res00170.dat" bb:title="Designing your poster" identifier="res00170" type="resource/x-bb-document" xml:base="res00170"/><resource bb:file="res00171.dat" bb:title="Useful Library Resources" identifier="res00171" type="resource/x-bb-document" xml:base="res00171"/><resource bb:file="res00172.dat" bb:title="Share your Google Docs!" identifier="res00172" type="resource/x-bb-document" xml:base="res00172"/></resources></manifest>
