<?xml version="1.0" encoding="UTF-8"?>
<manifest identifier="man00001" xmlns:bb="http://www.blackboard.com/content-packaging/"><organizations default="toc00001"><organization identifier="toc00001"><item identifier="itm00001" identifierref="res00004"><title>COURSE_DEFAULT.Announcements.APPLICATION.label</title></item><item identifier="itm00002" identifierref="res00005"><title>1. Digital Photography</title><item identifier="itm00007" identifierref="res00028"><title>Class Notes</title></item><item identifier="itm00008" identifierref="res00029"><title>Logo Design, Phase 5: Final Version</title></item><item identifier="itm00009" identifierref="res00030"><title>Critique of final versions in class on Friday!</title></item><item identifier="itm00010" identifierref="res00031"><title>Logo Design, Phase 4: Initial Draft</title></item><item identifier="itm00011" identifierref="res00032"><title>Logo Design, Phase 3: Connections</title></item><item identifier="itm00012" identifierref="res00033"><title>Logo Design, Phase 1: Brand Identification</title></item><item identifier="itm00013" identifierref="res00034"><title>Illustrator Challenges</title></item><item identifier="itm00014" identifierref="res00035"><title>Logo Research</title></item><item identifier="itm00015" identifierref="res00036"><title>Face/Off</title></item><item identifier="itm00016" identifierref="res00037"><title>Lynda.com Tutorials for Face/Off</title></item><item identifier="itm00017" identifierref="res00038"><title>Before/After (Pair 1)</title></item><item identifier="itm00018" identifierref="res00039"><title>Before/After (Pair 2)</title></item><item identifier="itm00019" identifierref="res00040"><title>Before/After (Pair 3)</title></item><item identifier="itm00020" identifierref="res00041"><title>Lynda.com Tutorials</title></item><item identifier="itm00021" identifierref="res00042"><title>Sign up for Lynda.com</title></item><item identifier="itm00022" identifierref="res00043"><title>Photo Scavenger Hunt</title></item><item identifier="itm00023" identifierref="res00044"><title>First Day Sheet</title></item><item identifier="itm00024" identifierref="res00045"><title>Introductory Questionnaire</title></item></item><item identifier="itm00003" identifierref="res00006"><title>2. Video Production</title><item identifier="itm00025" identifierref="res00046"><title>Finished Public Service Announcements</title></item><item identifier="itm00026" identifierref="res00047"><title>Midstream Course Evaluation</title></item><item identifier="itm00027" identifierref="res00048"><title>Class Notes</title></item><item identifier="itm00028" identifierref="res00049"><title>PSA, Phase 4: Final Cut</title></item><item identifier="itm00029" identifierref="res00050"><title>PSA, Phase 3: Rough Cut</title></item><item identifier="itm00030" identifierref="res00051"><title>Mr. Battis is around all weekend if you run into problems or have questions.</title></item><item identifier="itm00031" identifierref="res00052"><title>PSA, Phase 2: Footage</title></item><item identifier="itm00032" identifierref="res00053"><title>iMovie Tutorials</title></item><item identifier="itm00033" identifierref="res00054"><title>Creating a Shared iMovie Production Space</title><item identifier="itm00039" identifierref="res00060"><title>Throw out iMovie Events</title></item><item identifier="itm00040" identifierref="res00061"><title>Create a Shared iMovie Events Folder</title></item><item identifier="itm00041" identifierref="res00062"><title>Set the Permissions on iMovie Events</title></item><item identifier="itm00042" identifierref="res00063"><title>Create a SymLink to the iMovie Events</title></item><item identifier="itm00043" identifierref="res00064"><title>Create Your iMovie Project on the Hard Drive</title></item></item><item identifier="itm00034" identifierref="res00055"><title>PSA, Phase 1: The Script</title></item><item identifier="itm00035" identifierref="res00056"><title>Example Public Service Announcements</title></item><item identifier="itm00036" identifierref="res00057"><title>PSA, Phase 0: Statement of Intent</title></item><item identifier="itm00037" identifierref="res00058"><title>Video Scavenger Hunt</title></item><item identifier="itm00038" identifierref="res00059"><title>Video Shots</title></item></item><item identifier="itm00004" identifierref="res00007"><title>3. 3D Design</title><item identifier="itm00044" identifierref="res00065"><title>Course Evaluation</title></item><item identifier="itm00045" identifierref="res00066"><title>USB Case</title></item><item identifier="itm00046" identifierref="res00067"><title>Thursday Drafts</title></item><item identifier="itm00047" identifierref="res00068"><title>Boolean Modeling</title></item><item identifier="itm00048" identifierref="res00069"><title>Modeling Complex Real-world Objects</title></item><item identifier="itm00049" identifierref="res00070"><title>USB Case: Develop design</title></item><item identifier="itm00050" identifierref="res00071"><title>USB Case: Design Constraints</title></item><item identifier="itm00051" identifierref="res00072"><title>USB Case: Get inspiration…</title></item><item identifier="itm00052" identifierref="res00073"><title>Animated Optical Illusion</title></item><item identifier="itm00053" identifierref="res00074"><title>3D Optical Illusions</title></item><item identifier="itm00054" identifierref="res00075"><title>Two useful terms</title></item><item identifier="itm00055" identifierref="res00076"><title>Blender Challenges: Model &amp; Render</title></item><item identifier="itm00056" identifierref="res00077"><title>Lighting Concepts</title></item><item identifier="itm00057" identifierref="res00078"><title>Blender Challenge #3</title></item><item identifier="itm00058" identifierref="res00079"><title>Blender Challenge #2</title></item><item identifier="itm00059" identifierref="res00080"><title>Blender Challenge #1</title></item><item identifier="itm00060" identifierref="res00081"><title>Blender Resources</title></item></item><item identifier="itm00005" identifierref="res00008"><title>About</title><item identifier="itm00061" identifierref="res00082"><title>First Day Sheet</title></item></item><item identifier="itm00006" identifierref="res00009"><title>Digital Dropbox</title></item></organization></organizations><resources><resource bb:file="res00001.dat" bb:title="New Media" identifier="res00001" type="course/x-bb-coursesetting" xml:base="res00001"/><resource bb:file="res00002.dat" bb:title="Course Application Settings" identifier="res00002" type="course/x-bb-courseappsetting" xml:base="res00002"/><resource bb:file="res00003.dat" bb:title="Course Navigation Settings" identifier="res00003" type="course/x-bb-coursenavsetting" xml:base="res00003"/><resource bb:file="res00010.dat" bb:title="Content Handler Data" identifier="res00010" type="course/x-bb-contenthandler" xml:base="res00010"/><resource bb:file="res00011.dat" bb:title="Introductory Questionnaire" identifier="res00011" type="assessment/x-bb-qti-survey" xml:base="res00011"/><resource bb:file="res00012.dat" bb:title="Assessment Creation Settings" identifier="res00012" type="course/x-bb-courseassessmentcreationsettings" xml:base="res00012"/><resource bb:file="res00013.dat" bb:title="Course Evaluation, USB Drives" identifier="res00013" type="resource/x-bb-announcement" xml:base="res00013"/><resource bb:file="res00014.dat" bb:title="Test Prints" identifier="res00014" type="resource/x-bb-announcement" xml:base="res00014"/><resource bb:file="res00015.dat" bb:title="Homework for Tomorrow" identifier="res00015" type="resource/x-bb-announcement" xml:base="res00015"/><resource bb:file="res00016.dat" bb:title="Recording Audio" identifier="res00016" type="resource/x-bb-announcement" xml:base="res00016"/><resource bb:file="res00017.dat" bb:title="Class Thursday" identifier="res00017" type="resource/x-bb-announcement" xml:base="res00017"/><resource bb:file="res00018.dat" bb:title="Finding those dang rubrics..." identifier="res00018" type="resource/x-bb-announcement" xml:base="res00018"/><resource bb:file="res00019.dat" bb:title="Well, I guess that's fair..." identifier="res00019" type="resource/x-bb-announcement" xml:base="res00019"/><resource bb:file="res00020.dat" bb:title="Bemis Computer Names Update" identifier="res00020" type="resource/x-bb-announcement" xml:base="res00020"/><resource bb:file="res00021.dat" bb:title="Reference Images" identifier="res00021" type="resource/x-bb-announcement" xml:base="res00021"/><resource bb:file="res00022.dat" bb:title="Class on Wednesday" identifier="res00022" type="resource/x-bb-announcement" xml:base="res00022"/><resource bb:file="res00023.dat" bb:title="Saturday Studio Time/Bemis Computer Naming Contest" identifier="res00023" type="resource/x-bb-announcement" xml:base="res00023"/><resource bb:file="res00024.dat" bb:title="Class Monday and Tuesday" identifier="res00024" type="resource/x-bb-announcement" xml:base="res00024"/><resource bb:file="res00025.dat" bb:title="Friday Assignment" identifier="res00025" type="resource/x-bb-announcement" xml:base="res00025"/><resource bb:file="res00026.dat" bb:title="Blackboard!" identifier="res00026" type="resource/x-bb-announcement" xml:base="res00026"/><resource bb:file="res00027.dat" bb:title="Conferences" identifier="res00027" type="resource/x-bb-conference" xml:base="res00027"/><resource bb:file="res00083.dat" bb:title="Gradebook" identifier="res00083" type="course/x-bb-gradebook" xml:base="res00083"/><resource bb:file="res00084.dat" bb:title="Course Assessment" identifier="res00084" type="course/x-bb-courseassessment" xml:base="res00084"/><resource bb:file="res00085.dat" bb:title="/About/First Day Sheet" identifier="res00085" type="resource/x-bb-link" xml:base="res00085"/><resource bb:file="res00086.dat" bb:title="Introductory Questionnaire" identifier="res00086" type="resource/x-bb-link" xml:base="res00086"/><resource bb:file="res00087.dat" bb:title="Class on Wednesday" identifier="res00087" type="resource/x-bb-link" xml:base="res00087"/><resource bb:file="res00088.dat" bb:title="" identifier="res00088" type="resource/x-bb-link" xml:base="res00088"/><resource bb:file="res00089.dat" bb:title="" identifier="res00089" type="resource/x-bb-link" xml:base="res00089"/><resource bb:file="res00090.dat" bb:title="" identifier="res00090" type="resource/x-bb-link" xml:base="res00090"/><resource bb:file="res00091.dat" bb:title="" identifier="res00091" type="resource/x-bb-link" xml:base="res00091"/><resource bb:file="res00092.dat" bb:title="Collaboration Sessions" identifier="res00092" type="course/x-bb-collabsession" xml:base="res00092"/><resource bb:file="res00004.dat" bb:title="COURSE_DEFAULT.Announcements.APPLICATION.label" identifier="res00004" type="course/x-bb-coursetoc" xml:base="res00004"/><resource bb:file="res00005.dat" bb:title="1. Digital Photography" identifier="res00005" type="course/x-bb-coursetoc" xml:base="res00005"/><resource bb:file="res00028.dat" bb:title="Class Notes" identifier="res00028" type="resource/x-bb-document" xml:base="res00028"/><resource bb:file="res00029.dat" bb:title="Logo Design, Phase 5: Final Version" identifier="res00029" type="resource/x-bb-document" xml:base="res00029"/><resource bb:file="res00030.dat" bb:title="Critique of final versions in class on Friday!" identifier="res00030" type="resource/x-bb-document" xml:base="res00030"/><resource bb:file="res00031.dat" bb:title="Logo Design, Phase 4: Initial Draft" identifier="res00031" type="resource/x-bb-document" xml:base="res00031"><file href="2012-09-27 Logo Design.pdf"/></resource><resource bb:file="res00032.dat" bb:title="Logo Design, Phase 3: Connections" identifier="res00032" type="resource/x-bb-document" xml:base="res00032"><file href="Reference Images.pdf"/></resource><resource bb:file="res00033.dat" bb:title="Logo Design, Phase 1: Brand Identification" identifier="res00033" type="resource/x-bb-document" xml:base="res00033"/><resource bb:file="res00034.dat" bb:title="Illustrator Challenges" identifier="res00034" type="resource/x-bb-document" xml:base="res00034"><file href="2012-09-26 Illustrator Challenges.docx"/></resource><resource bb:file="res00035.dat" bb:title="Logo Research" identifier="res00035" type="resource/x-bb-document" xml:base="res00035"/><resource bb:file="res00036.dat" bb:title="Face/Off" identifier="res00036" type="resource/x-bb-document" xml:base="res00036"><file href="2012-09-17 Face-Off.pdf"/></resource><resource bb:file="res00037.dat" bb:title="Lynda.com Tutorials for Face/Off" identifier="res00037" type="resource/x-bb-document" xml:base="res00037"/><resource bb:file="res00038.dat" bb:title="Before/After (Pair 1)" identifier="res00038" type="resource/x-bb-document" xml:base="res00038"><file href="2012-09-14 Photo Edits for Composition.pdf"/></resource><resource bb:file="res00039.dat" bb:title="Before/After (Pair 2)" identifier="res00039" type="resource/x-bb-document" xml:base="res00039"><file href="2012-09-14 Photo Edits for Composition.pdf"/></resource><resource bb:file="res00040.dat" bb:title="Before/After (Pair 3)" identifier="res00040" type="resource/x-bb-document" xml:base="res00040"><file href="2012-09-14 Photo Edits for Composition.pdf"/></resource><resource bb:file="res00041.dat" bb:title="Lynda.com Tutorials" identifier="res00041" type="resource/x-bb-document" xml:base="res00041"/><resource bb:file="res00042.dat" bb:title="Sign up for Lynda.com" identifier="res00042" type="resource/x-bb-document" xml:base="res00042"/><resource bb:file="res00043.dat" bb:title="Photo Scavenger Hunt" identifier="res00043" type="resource/x-bb-document" xml:base="res00043"><file href="2012-09-11 Photo Scavenger Hunt.pdf"/></resource><resource bb:file="res00044.dat" bb:title="First Day Sheet" identifier="res00044" type="resource/x-bb-document" xml:base="res00044"/><resource bb:file="res00045.dat" bb:title="Introductory Questionnaire" identifier="res00045" type="resource/x-bb-document" xml:base="res00045"/><resource bb:file="res00006.dat" bb:title="2. Video Production" identifier="res00006" type="course/x-bb-coursetoc" xml:base="res00006"/><resource bb:file="res00046.dat" bb:title="Finished Public Service Announcements" identifier="res00046" type="resource/x-bb-document" xml:base="res00046"/><resource bb:file="res00047.dat" bb:title="Midstream Course Evaluation" identifier="res00047" type="resource/x-bb-document" xml:base="res00047"/><resource bb:file="res00048.dat" bb:title="Class Notes" identifier="res00048" type="resource/x-bb-document" xml:base="res00048"/><resource bb:file="res00049.dat" bb:title="PSA, Phase 4: Final Cut" identifier="res00049" type="resource/x-bb-document" xml:base="res00049"/><resource bb:file="res00050.dat" bb:title="PSA, Phase 3: Rough Cut" identifier="res00050" type="resource/x-bb-document" xml:base="res00050"/><resource bb:file="res00051.dat" bb:title="Mr. Battis is around all weekend if you run into problems or have questions." identifier="res00051" type="resource/x-bb-document" xml:base="res00051"/><resource bb:file="res00052.dat" bb:title="PSA, Phase 2: Footage" identifier="res00052" type="resource/x-bb-document" xml:base="res00052"/><resource bb:file="res00053.dat" bb:title="iMovie Tutorials" identifier="res00053" type="resource/x-bb-document" xml:base="res00053"/><resource bb:file="res00054.dat" bb:title="Creating a Shared iMovie Production Space" identifier="res00054" type="resource/x-bb-document" xml:base="res00054"/><resource bb:file="res00060.dat" bb:title="Throw out iMovie Events" identifier="res00060" type="resource/x-bb-document" xml:base="res00060"/><resource bb:file="res00061.dat" bb:title="Create a Shared iMovie Events Folder" identifier="res00061" type="resource/x-bb-document" xml:base="res00061"/><resource bb:file="res00062.dat" bb:title="Set the Permissions on iMovie Events" identifier="res00062" type="resource/x-bb-document" xml:base="res00062"><file href="embedded\terminal.png"/></resource><resource bb:file="res00063.dat" bb:title="Create a SymLink to the iMovie Events" identifier="res00063" type="resource/x-bb-document" xml:base="res00063"/><resource bb:file="res00064.dat" bb:title="Create Your iMovie Project on the Hard Drive" identifier="res00064" type="resource/x-bb-document" xml:base="res00064"><file href="embedded\!53637265656e2053686f7420323031322d31302d333120617420392e33322e333220414d.png"/></resource><resource bb:file="res00055.dat" bb:title="PSA, Phase 1: The Script" identifier="res00055" type="resource/x-bb-document" xml:base="res00055"><file href="2012-10-26 Public Service Announcement.pdf"/></resource><resource bb:file="res00056.dat" bb:title="Example Public Service Announcements" identifier="res00056" type="resource/x-bb-document" xml:base="res00056"/><resource bb:file="res00057.dat" bb:title="PSA, Phase 0: Statement of Intent" identifier="res00057" type="resource/x-bb-document" xml:base="res00057"><file href="2012-10-26 Public Service Announcement.pdf"/></resource><resource bb:file="res00058.dat" bb:title="Video Scavenger Hunt" identifier="res00058" type="resource/x-bb-document" xml:base="res00058"><file href="2012-10-25 Video Scavenger Hunt.pdf"/></resource><resource bb:file="res00059.dat" bb:title="Video Shots" identifier="res00059" type="resource/x-bb-document" xml:base="res00059"/><resource bb:file="res00007.dat" bb:title="3. 3D Design" identifier="res00007" type="course/x-bb-coursetoc" xml:base="res00007"/><resource bb:file="res00065.dat" bb:title="Course Evaluation" identifier="res00065" type="resource/x-bb-document" xml:base="res00065"/><resource bb:file="res00066.dat" bb:title="USB Case" identifier="res00066" type="resource/x-bb-document" xml:base="res00066"/><resource bb:file="res00067.dat" bb:title="Thursday Drafts" identifier="res00067" type="resource/x-bb-document" xml:base="res00067"/><resource bb:file="res00068.dat" bb:title="Boolean Modeling" identifier="res00068" type="resource/x-bb-document" xml:base="res00068"/><resource bb:file="res00069.dat" bb:title="Modeling Complex Real-world Objects" identifier="res00069" type="resource/x-bb-document" xml:base="res00069"/><resource bb:file="res00070.dat" bb:title="USB Case: Develop design" identifier="res00070" type="resource/x-bb-document" xml:base="res00070"/><resource bb:file="res00071.dat" bb:title="USB Case: Design Constraints" identifier="res00071" type="resource/x-bb-document" xml:base="res00071"><file href="embedded\IMG_2107.jpg"/></resource><resource bb:file="res00072.dat" bb:title="USB Case: Get inspiration…" identifier="res00072" type="resource/x-bb-document" xml:base="res00072"/><resource bb:file="res00073.dat" bb:title="Animated Optical Illusion" identifier="res00073" type="resource/x-bb-document" xml:base="res00073"/><resource bb:file="res00074.dat" bb:title="3D Optical Illusions" identifier="res00074" type="resource/x-bb-document" xml:base="res00074"/><resource bb:file="res00075.dat" bb:title="Two useful terms" identifier="res00075" type="resource/x-bb-document" xml:base="res00075"/><resource bb:file="res00076.dat" bb:title="Blender Challenges: Model &amp; Render" identifier="res00076" type="resource/x-bb-document" xml:base="res00076"/><resource bb:file="res00077.dat" bb:title="Lighting Concepts" identifier="res00077" type="resource/x-bb-document" xml:base="res00077"/><resource bb:file="res00078.dat" bb:title="Blender Challenge #3" identifier="res00078" type="resource/x-bb-document" xml:base="res00078"/><resource bb:file="res00079.dat" bb:title="Blender Challenge #2" identifier="res00079" type="resource/x-bb-document" xml:base="res00079"/><resource bb:file="res00080.dat" bb:title="Blender Challenge #1" identifier="res00080" type="resource/x-bb-document" xml:base="res00080"/><resource bb:file="res00081.dat" bb:title="Blender Resources" identifier="res00081" type="resource/x-bb-document" xml:base="res00081"/><resource bb:file="res00008.dat" bb:title="About" identifier="res00008" type="course/x-bb-coursetoc" xml:base="res00008"/><resource bb:file="res00082.dat" bb:title="First Day Sheet" identifier="res00082" type="resource/x-bb-document" xml:base="res00082"><file href="2012-2013 New Media -  First Day Sheet.pdf"/></resource><resource bb:file="res00009.dat" bb:title="Digital Dropbox" identifier="res00009" type="course/x-bb-coursetoc" xml:base="res00009"/></resources></manifest>
